flight_id,weather_delay_min,carrier_delay_min,security_delay_min,weather_condition
1,0.0,10.0,0.0,
2,45.0,0.0,20.0,Fog
3,0.0,0.0,,Clear
4,15.0,30.0,20.0,Rain
5,,,,Rain
6,,30.0,0.0,Clear
7,0.0,,,
8,15.0,10.0,0.0,Rain
9,90.0,,20.0,Rain
10,45.0,0.0,0.0,Fog
11,,,20.0,Rain
12,15.0,30.0,,Fog
13,45.0,10.0,0.0,Clear
14,0.0,0.0,,Fog
15,45.0,30.0,20.0,Fog
16,90.0,10.0,0.0,
17,45.0,0.0,20.0,Clear
18,,,0.0,Rain
19,15.0,10.0,0.0,
20,90.0,30.0,,Clear
21,15.0,30.0,20.0,Rain
22,,0.0,0.0,Rain
23,15.0,0.0,,Fog
24,0.0,0.0,0.0,
25,15.0,0.0,0.0,Rain
26,,,0.0,Fog
27,90.0,30.0,20.0,Clear
28,15.0,,0.0,
29,0.0,0.0,20.0,
30,15.0,10.0,,Clear
31,15.0,10.0,20.0,Clear
32,90.0,,20.0,
33,,10.0,0.0,Rain
34,90.0,30.0,20.0,Rain
35,0.0,10.0,0.0,Fog
36,45.0,30.0,,Rain
37,,30.0,20.0,Fog
38,90.0,10.0,0.0,Rain
39,,30.0,,Clear
40,,30.0,20.0,Clear
41,45.0,,20.0,Rain
42,90.0,,0.0,
43,,10.0,20.0,
44,45.0,30.0,,
45,45.0,,20.0,
46,,30.0,,Fog
47,90.0,,,Clear
48,45.0,0.0,,
49,45.0,0.0,20.0,
50,,,20.0,Fog
51,0.0,0.0,20.0,Clear
52,45.0,10.0,20.0,
53,,,0.0,Fog
54,15.0,,20.0,
55,,,,Fog
56,0.0,0.0,20.0,
57,90.0,0.0,,
58,15.0,10.0,,Fog
59,0.0,30.0,0.0,
60,15.0,,20.0,Clear
61,15.0,0.0,,Rain
62,15.0,30.0,0.0,Clear
63,15.0,10.0,,Clear
64,15.0,30.0,20.0,
65,15.0,,20.0,Rain
66,45.0,0.0,20.0,
67,45.0,,,Clear
68,45.0,0.0,0.0,Fog
69,45.0,30.0,,Rain
70,,30.0,0.0,Rain
71,45.0,30.0,,Clear
72,90.0,30.0,0.0,Fog
73,,30.0,0.0,Rain
74,,,,Fog
75,0.0,10.0,0.0,Clear
76,0.0,0.0,20.0,Fog
77,,,0.0,Clear
78,0.0,0.0,20.0,
79,15.0,10.0,20.0,Clear
80,,0.0,0.0,Fog
81,0.0,30.0,,Fog
82,,,,Clear
83,,,,Fog
84,0.0,0.0,,Fog
85,,,20.0,Rain
86,45.0,30.0,20.0,Fog
87,15.0,0.0,0.0,Fog
88,15.0,0.0,,Fog
89,0.0,10.0,,
90,45.0,30.0,,Clear
91,90.0,,0.0,Fog
92,45.0,0.0,,Fog
93,45.0,0.0,20.0,Clear
94,,0.0,,Rain
95,90.0,30.0,20.0,
96,0.0,,,
97,0.0,,0.0,
98,,30.0,0.0,Rain
99,45.0,0.0,0.0,Fog
100,,10.0,20.0,Fog
101,45.0,30.0,,Rain
102,90.0,,,Clear
103,90.0,10.0,0.0,
104,,0.0,20.0,
105,,30.0,,Clear
106,90.0,0.0,,Rain
107,90.0,,0.0,Clear
108,0.0,10.0,,Rain
109,45.0,0.0,,Rain
110,0.0,30.0,20.0,
111,,0.0,20.0,
112,15.0,30.0,,Fog
113,15.0,30.0,,
114,15.0,10.0,20.0,Fog
115,,30.0,,Clear
116,15.0,,,
117,0.0,0.0,,Clear
118,0.0,0.0,,Rain
119,15.0,,,Fog
120,15.0,10.0,0.0,Clear
121,45.0,10.0,0.0,Fog
122,0.0,,0.0,
123,0.0,10.0,20.0,
124,,,0.0,Rain
125,,,,Clear
126,,0.0,0.0,Rain
127,15.0,0.0,,Rain
128,15.0,0.0,20.0,Fog
129,,30.0,,Rain
130,45.0,0.0,,
131,,0.0,20.0,Fog
132,,30.0,20.0,Clear
133,0.0,30.0,0.0,Fog
134,,0.0,0.0,Rain
135,,30.0,0.0,Rain
136,45.0,0.0,20.0,Clear
137,0.0,10.0,,Clear
138,15.0,,20.0,Fog
139,15.0,30.0,0.0,Rain
140,0.0,30.0,,
141,,10.0,20.0,Clear
142,90.0,10.0,0.0,Rain
143,45.0,0.0,0.0,
144,,10.0,0.0,Clear
145,0.0,30.0,0.0,
146,,,,Fog
147,45.0,,0.0,Clear
148,0.0,,20.0,Clear
149,0.0,,0.0,Clear
150,,10.0,0.0,Rain
151,45.0,0.0,20.0,
152,90.0,30.0,,Fog
153,15.0,,0.0,Rain
154,0.0,10.0,,Fog
155,0.0,0.0,0.0,Rain
156,45.0,30.0,,
157,,30.0,0.0,Rain
158,,0.0,,Fog
159,,30.0,20.0,Fog
160,,30.0,,
161,15.0,30.0,20.0,
162,15.0,0.0,20.0,
163,45.0,30.0,0.0,Clear
164,90.0,30.0,20.0,Rain
165,,30.0,,Clear
166,45.0,,20.0,Clear
167,45.0,30.0,20.0,Fog
168,90.0,30.0,20.0,Fog
169,,0.0,20.0,Fog
170,15.0,30.0,0.0,
171,45.0,,20.0,Clear
172,,10.0,0.0,Fog
173,15.0,0.0,20.0,Fog
174,15.0,0.0,0.0,Clear
175,15.0,,,
176,45.0,30.0,,Rain
177,,10.0,20.0,
178,90.0,10.0,,
179,0.0,30.0,20.0,Rain
180,15.0,30.0,0.0,Rain
181,45.0,0.0,,Rain
182,,10.0,20.0,Clear
183,15.0,30.0,20.0,Rain
184,15.0,10.0,20.0,Rain
185,0.0,,20.0,Clear
186,,,20.0,Rain
187,90.0,0.0,,Clear
188,90.0,10.0,0.0,Rain
189,,,20.0,Rain
190,15.0,30.0,0.0,Clear
191,0.0,30.0,,Rain
192,90.0,30.0,20.0,Rain
193,90.0,10.0,0.0,Clear
194,,30.0,20.0,Clear
195,0.0,30.0,,Clear
196,,0.0,0.0,Fog
197,15.0,0.0,20.0,Rain
198,45.0,10.0,,Clear
199,90.0,30.0,0.0,Rain
200,,30.0,20.0,Rain
201,45.0,10.0,0.0,Fog
202,,,,Clear
203,,,0.0,Clear
204,45.0,0.0,,Rain
205,15.0,30.0,0.0,Fog
206,15.0,0.0,0.0,Clear
207,90.0,10.0,0.0,
208,15.0,10.0,0.0,Fog
209,15.0,0.0,,
210,15.0,30.0,20.0,
211,,10.0,,Clear
212,90.0,0.0,0.0,Clear
213,15.0,30.0,20.0,
214,,0.0,0.0,Rain
215,45.0,0.0,,Rain
216,90.0,10.0,20.0,Fog
217,,30.0,0.0,Clear
218,90.0,,,Clear
219,45.0,10.0,,Rain
220,0.0,0.0,,
221,90.0,30.0,0.0,
222,90.0,30.0,0.0,Clear
223,,0.0,0.0,Fog
224,45.0,30.0,0.0,Rain
225,90.0,,20.0,Clear
226,0.0,10.0,0.0,Clear
227,90.0,10.0,20.0,
228,45.0,0.0,0.0,Clear
229,0.0,10.0,20.0,
230,,30.0,20.0,Fog
231,15.0,,,Rain
232,,30.0,20.0,Clear
233,,30.0,20.0,Clear
234,90.0,10.0,0.0,Rain
235,0.0,10.0,,Clear
236,,10.0,0.0,
237,15.0,,0.0,Fog
238,0.0,0.0,0.0,Clear
239,15.0,0.0,0.0,Rain
240,90.0,10.0,0.0,
241,0.0,30.0,0.0,
242,90.0,30.0,,Rain
243,45.0,10.0,0.0,Rain
244,45.0,30.0,20.0,Fog
245,45.0,,20.0,Rain
246,0.0,,,Clear
247,45.0,30.0,20.0,Clear
248,15.0,,20.0,Rain
249,45.0,30.0,0.0,Rain
250,90.0,10.0,20.0,
251,90.0,,20.0,Rain
252,15.0,,,
253,90.0,0.0,20.0,Fog
254,90.0,0.0,20.0,Fog
255,45.0,10.0,0.0,Fog
256,15.0,0.0,20.0,
257,45.0,10.0,20.0,Fog
258,,,,Clear
259,90.0,30.0,0.0,
260,0.0,,0.0,Rain
261,45.0,,0.0,Clear
262,0.0,,0.0,Clear
263,45.0,,20.0,Rain
264,,30.0,0.0,Clear
265,0.0,30.0,20.0,Rain
266,45.0,0.0,0.0,Fog
267,0.0,30.0,0.0,
268,,0.0,,
269,,0.0,,Rain
270,45.0,30.0,20.0,Rain
271,90.0,30.0,20.0,Fog
272,,,20.0,
273,,,20.0,Rain
274,45.0,30.0,0.0,Clear
275,45.0,10.0,20.0,Rain
276,90.0,30.0,20.0,Fog
277,,,,Fog
278,0.0,,,
279,90.0,10.0,20.0,Rain
280,0.0,0.0,20.0,Clear
281,,,20.0,Fog
282,45.0,0.0,0.0,Rain
283,15.0,30.0,20.0,
284,0.0,10.0,20.0,Fog
285,15.0,10.0,20.0,Clear
286,0.0,0.0,,Rain
287,,30.0,,
288,15.0,30.0,0.0,
289,45.0,,0.0,Fog
290,15.0,10.0,0.0,Rain
291,90.0,0.0,0.0,Clear
292,0.0,30.0,20.0,
293,45.0,0.0,,
294,15.0,30.0,0.0,Clear
295,15.0,,20.0,Fog
296,,0.0,20.0,Rain
297,15.0,30.0,0.0,Clear
298,0.0,,0.0,Rain
299,0.0,10.0,,
300,0.0,,0.0,Fog
301,90.0,,,Clear
302,,,20.0,Rain
303,90.0,10.0,,Clear
304,90.0,10.0,20.0,Fog
305,,10.0,20.0,Fog
306,90.0,0.0,0.0,Clear
307,0.0,,,
308,90.0,30.0,0.0,Clear
309,,,0.0,Clear
310,,10.0,0.0,Fog
311,90.0,,,Clear
312,,0.0,20.0,Clear
313,0.0,30.0,0.0,
314,0.0,0.0,20.0,Clear
315,0.0,0.0,0.0,Rain
316,15.0,10.0,,Clear
317,15.0,,,Rain
318,,0.0,20.0,Clear
319,0.0,0.0,0.0,Clear
320,90.0,10.0,20.0,Clear
321,0.0,,20.0,
322,,,0.0,Clear
323,0.0,30.0,,Fog
324,0.0,0.0,20.0,Rain
325,15.0,10.0,,Rain
326,45.0,0.0,,
327,45.0,10.0,,Fog
328,,,0.0,
329,90.0,10.0,0.0,Clear
330,90.0,0.0,0.0,Fog
331,45.0,30.0,,
332,45.0,30.0,0.0,Rain
333,45.0,10.0,,Clear
334,,10.0,20.0,Fog
335,,0.0,20.0,
336,45.0,30.0,0.0,Rain
337,45.0,10.0,20.0,Rain
338,90.0,10.0,0.0,Fog
339,15.0,10.0,0.0,
340,45.0,30.0,,
341,90.0,0.0,,Rain
342,15.0,0.0,0.0,Clear
343,90.0,0.0,,Rain
344,,10.0,0.0,Rain
345,0.0,,20.0,
346,90.0,30.0,20.0,Rain
347,15.0,,,Clear
348,90.0,10.0,,Clear
349,0.0,30.0,,
350,15.0,0.0,,
351,90.0,,20.0,
352,15.0,,0.0,Rain
353,,,,Fog
354,,0.0,,Clear
355,45.0,,0.0,
356,45.0,30.0,20.0,Fog
357,,30.0,,Fog
358,90.0,30.0,20.0,
359,0.0,10.0,,
360,0.0,30.0,0.0,Fog
361,15.0,,,Rain
362,15.0,,0.0,Rain
363,15.0,,20.0,
364,45.0,30.0,,Fog
365,15.0,,20.0,Fog
366,90.0,30.0,20.0,Fog
367,0.0,10.0,,Clear
368,0.0,10.0,,Clear
369,45.0,10.0,20.0,
370,45.0,30.0,20.0,Rain
371,,10.0,0.0,Rain
372,15.0,30.0,20.0,Rain
373,15.0,30.0,20.0,
374,,10.0,0.0,
375,45.0,,,Fog
376,45.0,10.0,,Clear
377,15.0,0.0,0.0,Rain
378,15.0,,,
379,0.0,0.0,20.0,
380,90.0,0.0,0.0,Fog
381,0.0,0.0,0.0,Fog
382,,0.0,,
383,15.0,10.0,0.0,Fog
384,15.0,30.0,0.0,Clear
385,0.0,30.0,,
386,90.0,30.0,0.0,Clear
387,90.0,10.0,,
388,45.0,0.0,20.0,
389,,10.0,0.0,Fog
390,0.0,0.0,,Clear
391,0.0,0.0,,Fog
392,45.0,10.0,0.0,Clear
393,15.0,,20.0,Rain
394,15.0,0.0,,
395,45.0,,,Fog
396,15.0,,,
397,15.0,0.0,,Rain
398,90.0,10.0,0.0,
399,90.0,,,Rain
400,0.0,0.0,20.0,Rain
401,0.0,0.0,20.0,Fog
402,15.0,,0.0,Fog
403,0.0,30.0,0.0,
404,45.0,10.0,,Rain
405,0.0,,,Fog
406,90.0,0.0,20.0,Rain
407,,10.0,,Clear
408,90.0,,20.0,Rain
409,,30.0,20.0,Clear
410,45.0,30.0,,
411,45.0,10.0,,Fog
412,90.0,30.0,0.0,
413,15.0,30.0,20.0,
414,,10.0,0.0,Fog
415,45.0,30.0,,Fog
416,0.0,30.0,0.0,Clear
417,0.0,0.0,0.0,Fog
418,,,0.0,Clear
419,90.0,,,Fog
420,45.0,30.0,0.0,Clear
421,45.0,,,
422,90.0,10.0,,
423,,10.0,0.0,Rain
424,,30.0,0.0,Clear
425,0.0,10.0,,Fog
426,45.0,10.0,,Fog
427,15.0,30.0,20.0,Rain
428,90.0,,,Rain
429,0.0,10.0,20.0,Rain
430,45.0,30.0,,
431,0.0,0.0,0.0,Clear
432,0.0,0.0,20.0,Fog
433,0.0,,0.0,Rain
434,45.0,10.0,20.0,Rain
435,45.0,10.0,0.0,Fog
436,0.0,30.0,20.0,Fog
437,45.0,10.0,,
438,,,0.0,
439,0.0,10.0,20.0,Rain
440,45.0,0.0,0.0,Fog
441,45.0,10.0,20.0,
442,15.0,,0.0,
443,45.0,10.0,,Rain
444,0.0,,0.0,Rain
445,0.0,10.0,,
446,,,,Fog
447,15.0,,20.0,Fog
448,0.0,30.0,0.0,
449,90.0,10.0,0.0,
450,45.0,0.0,20.0,
451,,0.0,,Rain
452,,30.0,,
453,,30.0,,Fog
454,45.0,0.0,20.0,Fog
455,,10.0,0.0,Clear
456,0.0,0.0,20.0,
457,,30.0,20.0,Clear
458,15.0,,,Rain
459,0.0,0.0,20.0,Clear
460,15.0,,0.0,Rain
461,15.0,30.0,,Clear
462,,30.0,0.0,Rain
463,,0.0,20.0,Fog
464,90.0,0.0,0.0,Clear
465,90.0,10.0,,
466,0.0,30.0,,Fog
467,45.0,30.0,20.0,Rain
468,0.0,0.0,20.0,Fog
469,45.0,,,
470,90.0,30.0,0.0,Fog
471,90.0,30.0,0.0,Rain
472,0.0,,0.0,Rain
473,15.0,30.0,0.0,Rain
474,90.0,10.0,0.0,Fog
475,90.0,30.0,20.0,
476,90.0,0.0,20.0,Clear
477,15.0,30.0,0.0,
478,90.0,,20.0,Clear
479,90.0,30.0,0.0,Fog
480,15.0,,0.0,Clear
481,90.0,,20.0,Fog
482,15.0,10.0,20.0,Fog
483,90.0,30.0,0.0,Fog
484,0.0,10.0,,Fog
485,0.0,30.0,0.0,
486,,30.0,,Rain
487,45.0,,0.0,Clear
488,0.0,0.0,,Rain
489,0.0,,0.0,
490,15.0,0.0,,Rain
491,,10.0,20.0,Clear
492,,0.0,,Rain
493,,0.0,,
494,,10.0,0.0,
495,45.0,0.0,0.0,Clear
496,90.0,30.0,20.0,
497,0.0,0.0,,Clear
498,,,,
499,45.0,10.0,0.0,
500,15.0,30.0,,Clear
501,45.0,10.0,,Rain
502,15.0,0.0,20.0,
503,45.0,0.0,20.0,
504,15.0,0.0,0.0,Clear
505,,,20.0,Rain
506,0.0,10.0,20.0,Rain
507,90.0,,0.0,Fog
508,45.0,10.0,20.0,
509,45.0,0.0,0.0,Rain
510,45.0,,20.0,Fog
511,0.0,,0.0,Clear
512,90.0,10.0,20.0,Clear
513,45.0,30.0,,Rain
514,90.0,10.0,,Clear
515,15.0,30.0,0.0,Rain
516,45.0,0.0,0.0,Rain
517,45.0,,0.0,
518,45.0,,,
519,45.0,,20.0,Fog
520,90.0,30.0,20.0,Fog
521,,10.0,0.0,
522,15.0,10.0,0.0,Rain
523,45.0,30.0,,
524,90.0,30.0,0.0,Fog
525,0.0,10.0,0.0,Fog
526,0.0,10.0,20.0,
527,45.0,0.0,,
528,45.0,,,
529,15.0,,20.0,Fog
530,90.0,,0.0,Rain
531,45.0,0.0,0.0,Fog
532,15.0,10.0,20.0,Clear
533,0.0,,20.0,
534,15.0,,20.0,
535,45.0,,0.0,Clear
536,90.0,,,Clear
537,15.0,10.0,0.0,
538,90.0,,20.0,Fog
539,45.0,0.0,0.0,Fog
540,15.0,,0.0,Clear
541,,10.0,,Clear
542,0.0,10.0,,Fog
543,0.0,10.0,20.0,Rain
544,90.0,0.0,20.0,Rain
545,15.0,0.0,0.0,Clear
546,0.0,,20.0,
547,45.0,,,Fog
548,0.0,30.0,20.0,
549,,,,Fog
550,45.0,,,Fog
551,90.0,,0.0,Clear
552,45.0,0.0,20.0,Fog
553,90.0,0.0,,Clear
554,90.0,10.0,0.0,Fog
555,0.0,0.0,,Rain
556,15.0,,,
557,90.0,,,Fog
558,15.0,0.0,0.0,Rain
559,15.0,,20.0,Clear
560,15.0,0.0,20.0,Rain
561,45.0,0.0,0.0,Fog
562,15.0,0.0,,
563,90.0,30.0,0.0,Rain
564,15.0,30.0,0.0,Fog
565,,30.0,20.0,
566,0.0,10.0,,
567,0.0,0.0,,Fog
568,,10.0,,
569,0.0,30.0,20.0,Rain
570,,,,
571,90.0,0.0,0.0,
572,90.0,,20.0,Rain
573,0.0,10.0,20.0,Fog
574,45.0,,0.0,Fog
575,15.0,0.0,20.0,Rain
576,,10.0,,Fog
577,,30.0,0.0,Clear
578,15.0,0.0,0.0,Fog
579,,0.0,20.0,Clear
580,0.0,10.0,20.0,Clear
581,90.0,0.0,0.0,
582,45.0,10.0,0.0,
583,15.0,10.0,0.0,Rain
584,45.0,10.0,20.0,Clear
585,45.0,,0.0,
586,90.0,10.0,0.0,
587,90.0,30.0,,Rain
588,,10.0,0.0,Clear
589,0.0,,0.0,
590,45.0,10.0,0.0,Fog
591,0.0,,20.0,Clear
592,90.0,,0.0,Clear
593,15.0,10.0,20.0,Clear
594,45.0,,0.0,
595,45.0,0.0,,
596,90.0,10.0,20.0,Clear
597,45.0,30.0,20.0,Clear
598,90.0,30.0,,
599,,,0.0,Rain
600,90.0,30.0,,
601,90.0,0.0,,
602,0.0,10.0,0.0,Rain
603,,0.0,20.0,
604,90.0,0.0,,
605,0.0,0.0,0.0,Rain
606,90.0,,0.0,Fog
607,45.0,30.0,0.0,
608,,30.0,0.0,Clear
609,0.0,10.0,,
610,,0.0,20.0,Fog
611,90.0,30.0,,Fog
612,,0.0,,
613,,30.0,,
614,45.0,10.0,,Rain
615,0.0,10.0,,Rain
616,15.0,,,
617,,,0.0,Rain
618,90.0,30.0,20.0,
619,,30.0,20.0,Fog
620,90.0,,20.0,Rain
621,0.0,10.0,20.0,
622,45.0,10.0,0.0,Clear
623,15.0,10.0,0.0,Rain
624,45.0,,20.0,Clear
625,45.0,0.0,0.0,Rain
626,90.0,,20.0,Rain
627,45.0,0.0,,Fog
628,45.0,30.0,,
629,15.0,0.0,20.0,Rain
630,90.0,,0.0,Rain
631,45.0,,20.0,
632,0.0,10.0,,Rain
633,,0.0,20.0,Clear
634,0.0,0.0,0.0,Fog
635,45.0,,20.0,Clear
636,90.0,10.0,,
637,,,,Rain
638,15.0,10.0,0.0,Rain
639,15.0,,20.0,Rain
640,,,,Rain
641,45.0,0.0,20.0,Rain
642,,,,Clear
643,90.0,30.0,0.0,Rain
644,15.0,30.0,0.0,
645,,10.0,20.0,
646,15.0,30.0,0.0,Clear
647,,0.0,20.0,Fog
648,,,0.0,Rain
649,15.0,30.0,0.0,Fog
650,0.0,,20.0,Rain
651,15.0,,,
652,15.0,0.0,0.0,
653,90.0,,20.0,
654,,,20.0,Rain
655,,,0.0,Clear
656,,0.0,20.0,
657,45.0,,,Rain
658,15.0,0.0,20.0,Rain
659,90.0,30.0,0.0,
660,15.0,30.0,0.0,
661,0.0,0.0,,Rain
662,15.0,10.0,20.0,
663,90.0,10.0,20.0,Fog
664,0.0,30.0,,Clear
665,,,20.0,Clear
666,15.0,10.0,,Fog
667,0.0,,0.0,Fog
668,90.0,10.0,20.0,
669,90.0,10.0,,Fog
670,90.0,10.0,20.0,Fog
671,0.0,0.0,20.0,Rain
672,,30.0,0.0,Fog
673,,0.0,0.0,
674,90.0,10.0,,Fog
675,45.0,0.0,20.0,Clear
676,45.0,0.0,20.0,
677,15.0,30.0,,
678,45.0,30.0,0.0,Fog
679,45.0,10.0,20.0,Fog
680,,,0.0,Clear
681,90.0,,,
682,90.0,10.0,0.0,Rain
683,15.0,,20.0,
684,0.0,30.0,0.0,Rain
685,0.0,0.0,0.0,
686,0.0,10.0,20.0,Fog
687,0.0,,20.0,
688,90.0,10.0,,Clear
689,45.0,0.0,20.0,Fog
690,15.0,,,Clear
691,0.0,,,Clear
692,15.0,0.0,20.0,Fog
693,0.0,0.0,0.0,
694,,0.0,20.0,Fog
695,,30.0,,Rain
696,,10.0,0.0,Fog
697,45.0,30.0,20.0,
698,45.0,10.0,0.0,Rain
699,15.0,0.0,20.0,Fog
700,45.0,0.0,0.0,Fog
701,0.0,,20.0,Rain
702,15.0,0.0,0.0,Clear
703,45.0,,,Fog
704,,0.0,20.0,Clear
705,45.0,,,Fog
706,0.0,0.0,20.0,Rain
707,90.0,0.0,,Clear
708,15.0,,20.0,Clear
709,,0.0,0.0,
710,15.0,0.0,,
711,,10.0,,Rain
712,0.0,30.0,20.0,Rain
713,,,,
714,15.0,10.0,0.0,Rain
715,,30.0,0.0,Fog
716,15.0,0.0,,Fog
717,0.0,30.0,20.0,Clear
718,,10.0,,Clear
719,,0.0,0.0,
720,0.0,30.0,,Fog
721,,,20.0,Fog
722,,0.0,,Fog
723,45.0,0.0,,Rain
724,,,20.0,Fog
725,90.0,0.0,,Rain
726,90.0,0.0,,Fog
727,45.0,,20.0,
728,0.0,30.0,20.0,
729,15.0,10.0,0.0,Clear
730,45.0,,0.0,Fog
731,45.0,,0.0,Fog
732,0.0,0.0,0.0,Rain
733,45.0,0.0,20.0,
734,45.0,,20.0,Clear
735,45.0,0.0,20.0,Clear
736,,30.0,,Fog
737,90.0,,20.0,
738,,10.0,20.0,Rain
739,,0.0,,Fog
740,90.0,30.0,0.0,
741,15.0,0.0,,Rain
742,45.0,10.0,0.0,
743,0.0,0.0,0.0,Rain
744,90.0,,20.0,
745,0.0,30.0,0.0,Fog
746,15.0,10.0,0.0,Clear
747,0.0,0.0,0.0,
748,90.0,10.0,0.0,
749,90.0,10.0,,Clear
750,15.0,10.0,0.0,Rain
751,0.0,30.0,20.0,Rain
752,15.0,,,Clear
753,15.0,30.0,20.0,Rain
754,15.0,10.0,,
755,45.0,10.0,20.0,
756,45.0,,,
757,90.0,0.0,,Fog
758,,0.0,0.0,Clear
759,45.0,30.0,,Rain
760,,0.0,20.0,
761,45.0,0.0,0.0,Fog
762,45.0,10.0,,Fog
763,90.0,0.0,,Clear
764,90.0,,,Fog
765,,0.0,20.0,Clear
766,45.0,0.0,20.0,Fog
767,90.0,,0.0,Fog
768,45.0,0.0,20.0,Clear
769,0.0,0.0,20.0,Fog
770,90.0,10.0,20.0,
771,90.0,30.0,20.0,Fog
772,45.0,10.0,,
773,15.0,,20.0,
774,90.0,30.0,,Fog
775,,0.0,0.0,Rain
776,45.0,30.0,0.0,Rain
777,,0.0,20.0,Rain
778,15.0,,20.0,Fog
779,,30.0,,Clear
780,,,0.0,Fog
781,90.0,10.0,,Rain
782,90.0,10.0,,Fog
783,,0.0,,Fog
784,15.0,10.0,0.0,Fog
785,0.0,10.0,0.0,Rain
786,45.0,,0.0,Clear
787,90.0,0.0,0.0,
788,,30.0,20.0,Rain
789,45.0,30.0,20.0,Rain
790,90.0,10.0,,Rain
791,15.0,0.0,20.0,
792,0.0,,,Rain
793,15.0,30.0,,Fog
794,,30.0,,Rain
795,0.0,10.0,,Fog
796,90.0,30.0,0.0,
797,45.0,,20.0,Clear
798,90.0,10.0,,
799,15.0,,0.0,
800,45.0,,20.0,
801,90.0,0.0,20.0,Clear
802,,10.0,,Fog
803,45.0,10.0,20.0,Clear
804,0.0,0.0,,Fog
805,45.0,30.0,20.0,Clear
806,,10.0,20.0,Clear
807,45.0,10.0,,
808,15.0,30.0,,Fog
809,0.0,0.0,20.0,Clear
810,90.0,0.0,,
811,45.0,0.0,20.0,Fog
812,45.0,10.0,0.0,
813,45.0,10.0,0.0,Clear
814,45.0,,,Clear
815,45.0,,,Clear
816,90.0,30.0,0.0,Fog
817,90.0,10.0,0.0,
818,90.0,30.0,0.0,Clear
819,15.0,30.0,0.0,
820,,0.0,0.0,Clear
821,90.0,0.0,,Fog
822,90.0,0.0,,Fog
823,45.0,0.0,20.0,Fog
824,0.0,30.0,,Fog
825,45.0,10.0,,
826,15.0,,,Clear
827,90.0,10.0,,
828,90.0,0.0,,Clear
829,,30.0,0.0,Clear
830,90.0,30.0,,Rain
831,90.0,10.0,0.0,Clear
832,,0.0,20.0,Clear
833,45.0,,20.0,Fog
834,45.0,0.0,0.0,Clear
835,0.0,,,Clear
836,45.0,30.0,,Clear
837,,0.0,,Clear
838,,,0.0,Rain
839,0.0,0.0,0.0,
840,90.0,10.0,,Rain
841,90.0,10.0,0.0,Rain
842,90.0,10.0,20.0,Fog
843,0.0,30.0,0.0,Rain
844,90.0,0.0,20.0,Clear
845,45.0,,0.0,Fog
846,15.0,30.0,0.0,Rain
847,90.0,30.0,20.0,Rain
848,0.0,30.0,0.0,
849,15.0,30.0,20.0,Clear
850,15.0,30.0,,
851,45.0,10.0,20.0,Clear
852,90.0,0.0,,Clear
853,,,0.0,
854,45.0,0.0,,Fog
855,0.0,30.0,,Rain
856,0.0,,20.0,Clear
857,0.0,0.0,,Rain
858,90.0,30.0,20.0,Fog
859,0.0,10.0,,Fog
860,45.0,10.0,20.0,Clear
861,0.0,,0.0,Rain
862,15.0,10.0,,Fog
863,15.0,30.0,20.0,Rain
864,,30.0,,Fog
865,45.0,10.0,0.0,Fog
866,0.0,,20.0,
867,45.0,10.0,,Fog
868,,,20.0,Fog
869,90.0,30.0,20.0,Clear
870,15.0,30.0,20.0,Rain
871,,10.0,20.0,
872,90.0,,20.0,
873,0.0,10.0,0.0,Clear
874,0.0,10.0,0.0,Clear
875,15.0,10.0,,
876,45.0,10.0,,Fog
877,15.0,0.0,20.0,Fog
878,,10.0,20.0,Fog
879,45.0,,20.0,Rain
880,,,,Rain
881,,10.0,20.0,Rain
882,45.0,30.0,0.0,Clear
883,,10.0,20.0,Rain
884,45.0,10.0,0.0,Fog
885,0.0,,0.0,Fog
886,90.0,,0.0,
887,,10.0,,Fog
888,90.0,0.0,20.0,
889,45.0,,0.0,Clear
890,,0.0,,Clear
891,0.0,10.0,0.0,Rain
892,15.0,0.0,,Rain
893,15.0,30.0,20.0,Clear
894,15.0,0.0,20.0,Rain
895,15.0,10.0,0.0,Fog
896,45.0,0.0,20.0,Rain
897,15.0,,0.0,Rain
898,90.0,10.0,0.0,Fog
899,45.0,30.0,0.0,
900,0.0,30.0,,Clear
901,45.0,30.0,0.0,
902,90.0,,20.0,Clear
903,0.0,0.0,,Fog
904,,0.0,0.0,Rain
905,90.0,30.0,0.0,Rain
906,15.0,,0.0,Fog
907,45.0,30.0,20.0,Clear
908,15.0,10.0,,
909,,10.0,0.0,Clear
910,45.0,,0.0,
911,15.0,10.0,0.0,Clear
912,45.0,30.0,20.0,Fog
913,15.0,,,
914,90.0,10.0,,
915,0.0,10.0,0.0,Fog
916,90.0,30.0,0.0,Rain
917,0.0,,,Clear
918,,30.0,0.0,
919,,,20.0,
920,,10.0,,Clear
921,,0.0,,Fog
922,,,20.0,
923,0.0,10.0,0.0,Clear
924,,0.0,0.0,Rain
925,45.0,0.0,20.0,Fog
926,0.0,,20.0,
927,15.0,,0.0,Fog
928,15.0,10.0,0.0,
929,0.0,10.0,,
930,90.0,,,
931,,30.0,,Fog
932,15.0,0.0,0.0,
933,15.0,0.0,0.0,
934,45.0,0.0,20.0,Fog
935,90.0,10.0,,
936,45.0,30.0,,Rain
937,0.0,0.0,20.0,Fog
938,90.0,,0.0,Clear
939,15.0,0.0,,Rain
940,90.0,30.0,,
941,0.0,30.0,,
942,,,,Rain
943,45.0,30.0,0.0,Fog
944,15.0,10.0,0.0,Fog
945,,30.0,20.0,Rain
946,0.0,10.0,20.0,
947,0.0,,0.0,Clear
948,,0.0,,Clear
949,45.0,0.0,,Clear
950,45.0,0.0,20.0,Clear
951,45.0,0.0,20.0,Clear
952,,30.0,0.0,Clear
953,15.0,30.0,20.0,Fog
954,15.0,,0.0,
955,45.0,0.0,0.0,Rain
956,90.0,30.0,20.0,Rain
957,45.0,30.0,,Rain
958,,10.0,20.0,Fog
959,15.0,,0.0,Fog
960,15.0,30.0,0.0,Clear
961,90.0,30.0,,Fog
962,15.0,30.0,,Rain
963,,,,Fog
964,15.0,,20.0,Rain
965,0.0,0.0,,Clear
966,15.0,10.0,20.0,
967,90.0,0.0,20.0,Rain
968,,0.0,,
969,0.0,10.0,0.0,
970,,0.0,,
971,15.0,30.0,0.0,Fog
972,,0.0,0.0,
973,45.0,10.0,0.0,Clear
974,90.0,0.0,0.0,Fog
975,15.0,10.0,20.0,
976,0.0,,0.0,Fog
977,15.0,,20.0,Fog
978,,,0.0,Fog
979,15.0,,0.0,
980,15.0,0.0,,Clear
981,45.0,10.0,0.0,Rain
982,0.0,0.0,0.0,Rain
983,45.0,,,
984,45.0,,20.0,Clear
985,15.0,10.0,0.0,Clear
986,45.0,0.0,,
987,,10.0,,Fog
988,,30.0,0.0,Rain
989,90.0,,0.0,Clear
990,45.0,30.0,0.0,Clear
991,,0.0,0.0,Fog
992,,0.0,0.0,Clear
993,45.0,,,Fog
994,15.0,,20.0,
995,0.0,10.0,20.0,Fog
996,90.0,10.0,20.0,Clear
997,45.0,30.0,0.0,Rain
998,,10.0,0.0,Rain
999,45.0,10.0,20.0,Fog
1000,15.0,,,Rain
1001,45.0,,20.0,
1002,90.0,30.0,,Rain
1003,15.0,30.0,0.0,Clear
1004,,,0.0,
1005,45.0,0.0,20.0,Fog
1006,0.0,10.0,0.0,Clear
1007,45.0,30.0,0.0,Rain
1008,45.0,30.0,20.0,Rain
1009,0.0,,20.0,Clear
1010,0.0,,0.0,Rain
1011,90.0,0.0,0.0,Fog
1012,,0.0,20.0,Clear
1013,0.0,30.0,0.0,
1014,,,0.0,
1015,45.0,10.0,20.0,Rain
1016,0.0,10.0,20.0,Fog
1017,45.0,30.0,0.0,
1018,90.0,,,
1019,,,20.0,Fog
1020,90.0,,,Rain
1021,90.0,,,Rain
1022,0.0,0.0,,Rain
1023,15.0,10.0,0.0,
1024,,10.0,0.0,
1025,0.0,10.0,,
1026,90.0,0.0,,
1027,0.0,30.0,,Fog
1028,,0.0,,Fog
1029,0.0,30.0,,
1030,45.0,,0.0,
1031,0.0,10.0,,Fog
1032,,30.0,,Rain
1033,90.0,0.0,20.0,Rain
1034,15.0,,,Fog
1035,90.0,0.0,20.0,Clear
1036,0.0,,20.0,Clear
1037,45.0,10.0,,Rain
1038,15.0,30.0,20.0,Clear
1039,,30.0,0.0,
1040,,0.0,0.0,Clear
1041,15.0,30.0,,
1042,0.0,0.0,0.0,Clear
1043,15.0,,0.0,Clear
1044,15.0,10.0,,Fog
1045,,30.0,,Clear
1046,15.0,10.0,0.0,
1047,15.0,10.0,0.0,Clear
1048,15.0,10.0,20.0,Rain
1049,15.0,10.0,,Fog
1050,0.0,0.0,,Clear
1051,15.0,,,
1052,15.0,,,Rain
1053,90.0,,20.0,
1054,,10.0,0.0,
1055,0.0,30.0,0.0,Rain
1056,,,20.0,Fog
1057,0.0,30.0,20.0,Fog
1058,,,20.0,
1059,45.0,10.0,0.0,
1060,15.0,0.0,20.0,Clear
1061,45.0,30.0,,Clear
1062,,,0.0,Clear
1063,15.0,0.0,0.0,Rain
1064,0.0,0.0,,Fog
1065,15.0,10.0,,Clear
1066,45.0,0.0,,Clear
1067,0.0,,,
1068,15.0,10.0,0.0,Fog
1069,0.0,,20.0,Fog
1070,0.0,30.0,20.0,Rain
1071,15.0,,0.0,Rain
1072,,0.0,0.0,Fog
1073,45.0,0.0,20.0,Clear
1074,90.0,10.0,,
1075,15.0,30.0,0.0,Fog
1076,0.0,,0.0,Rain
1077,15.0,0.0,0.0,
1078,0.0,30.0,20.0,Fog
1079,0.0,0.0,0.0,
1080,90.0,10.0,0.0,
1081,45.0,30.0,0.0,Fog
1082,15.0,30.0,,Rain
1083,,30.0,0.0,
1084,15.0,30.0,20.0,Clear
1085,0.0,,20.0,Fog
1086,90.0,,,Fog
1087,90.0,0.0,0.0,Rain
1088,,0.0,0.0,Clear
1089,15.0,0.0,20.0,Fog
1090,0.0,0.0,,Fog
1091,,0.0,0.0,Clear
1092,0.0,30.0,20.0,Clear
1093,15.0,10.0,,Fog
1094,15.0,30.0,,
1095,,10.0,,Clear
1096,0.0,30.0,0.0,Clear
1097,15.0,10.0,20.0,
1098,15.0,0.0,20.0,
1099,90.0,,0.0,Rain
1100,90.0,0.0,20.0,Rain
1101,90.0,30.0,20.0,
1102,0.0,0.0,,Rain
1103,,10.0,20.0,
1104,90.0,0.0,20.0,Clear
1105,0.0,30.0,20.0,Rain
1106,0.0,0.0,0.0,Rain
1107,0.0,10.0,0.0,Clear
1108,45.0,10.0,20.0,Clear
1109,45.0,10.0,0.0,Fog
1110,45.0,30.0,20.0,
1111,,30.0,0.0,Fog
1112,,,0.0,Fog
1113,,0.0,0.0,Clear
1114,,,20.0,Rain
1115,15.0,30.0,20.0,Clear
1116,0.0,30.0,0.0,Fog
1117,0.0,0.0,0.0,Clear
1118,15.0,0.0,20.0,
1119,90.0,0.0,20.0,Clear
1120,90.0,0.0,20.0,
1121,,30.0,20.0,Fog
1122,,10.0,,Clear
1123,,,0.0,Fog
1124,,0.0,,Clear
1125,,,,
1126,,10.0,0.0,Fog
1127,45.0,30.0,0.0,Fog
1128,45.0,,0.0,Fog
1129,90.0,,0.0,Clear
1130,15.0,,0.0,
1131,15.0,0.0,,Clear
1132,90.0,0.0,,Fog
1133,,30.0,0.0,
1134,15.0,10.0,0.0,Clear
1135,0.0,,0.0,
1136,90.0,,0.0,
1137,15.0,0.0,,Fog
1138,,10.0,20.0,Fog
1139,0.0,30.0,20.0,Clear
1140,45.0,,0.0,Rain
1141,90.0,30.0,20.0,Fog
1142,90.0,30.0,0.0,
1143,45.0,,20.0,
1144,90.0,0.0,20.0,
1145,0.0,0.0,0.0,Rain
1146,0.0,,0.0,Clear
1147,,0.0,,Fog
1148,,10.0,20.0,
1149,90.0,10.0,20.0,Rain
1150,45.0,30.0,0.0,Fog
1151,90.0,,0.0,Fog
1152,0.0,10.0,0.0,Fog
1153,,30.0,,Clear
1154,,,0.0,
1155,,10.0,0.0,Fog
1156,15.0,30.0,0.0,Rain
1157,,,,Fog
1158,15.0,10.0,0.0,Clear
1159,0.0,10.0,0.0,Rain
1160,0.0,0.0,20.0,Clear
1161,0.0,10.0,20.0,
1162,45.0,30.0,,Clear
1163,0.0,30.0,0.0,Fog
1164,90.0,30.0,,Clear
1165,15.0,30.0,20.0,
1166,0.0,0.0,,Fog
1167,,0.0,0.0,
1168,,0.0,20.0,
1169,15.0,,,Clear
1170,,0.0,,Rain
1171,,,20.0,Rain
1172,90.0,10.0,20.0,
1173,0.0,,,Rain
1174,90.0,,,
1175,0.0,,,
1176,45.0,10.0,,
1177,,30.0,,Rain
1178,90.0,0.0,20.0,Fog
1179,,,,Clear
1180,45.0,0.0,,Rain
1181,45.0,30.0,0.0,
1182,90.0,0.0,20.0,Clear
1183,,,20.0,Fog
1184,0.0,30.0,20.0,Rain
1185,45.0,30.0,,Clear
1186,,,20.0,Fog
1187,0.0,0.0,0.0,Clear
1188,,10.0,,
1189,0.0,,20.0,Clear
1190,45.0,10.0,0.0,Clear
1191,15.0,30.0,,Fog
1192,15.0,10.0,,Clear
1193,45.0,0.0,20.0,
1194,15.0,30.0,20.0,
1195,15.0,30.0,20.0,Rain
1196,15.0,,,Rain
1197,90.0,10.0,0.0,Clear
1198,,0.0,0.0,Fog
1199,45.0,30.0,20.0,
1200,,30.0,0.0,Rain
1201,0.0,0.0,,Fog
1202,45.0,,,
1203,0.0,,20.0,Rain
1204,0.0,,,Clear
1205,,0.0,,Fog
1206,90.0,,20.0,Clear
1207,90.0,0.0,,Fog
1208,0.0,0.0,0.0,Rain
1209,45.0,,,Rain
1210,45.0,,,
1211,15.0,0.0,0.0,Clear
1212,15.0,0.0,20.0,
1213,,30.0,20.0,Clear
1214,0.0,0.0,20.0,Fog
1215,45.0,0.0,20.0,
1216,90.0,10.0,0.0,Fog
1217,90.0,10.0,20.0,Fog
1218,90.0,10.0,0.0,Clear
1219,15.0,0.0,20.0,Fog
1220,,10.0,,Rain
1221,,0.0,20.0,Rain
1222,90.0,0.0,0.0,Rain
1223,90.0,,,Clear
1224,90.0,10.0,0.0,Rain
1225,15.0,30.0,,Rain
1226,15.0,10.0,,
1227,90.0,30.0,20.0,
1228,90.0,30.0,20.0,
1229,,30.0,0.0,Rain
1230,45.0,0.0,20.0,Fog
1231,15.0,,,Clear
1232,90.0,,20.0,
1233,45.0,,20.0,Fog
1234,90.0,30.0,20.0,Fog
1235,45.0,0.0,,Rain
1236,45.0,10.0,20.0,Rain
1237,45.0,,,Rain
1238,,30.0,0.0,
1239,45.0,10.0,0.0,
1240,15.0,30.0,0.0,Clear
1241,,,20.0,
1242,15.0,30.0,,Clear
1243,45.0,30.0,,
1244,90.0,,20.0,
1245,90.0,10.0,,
1246,0.0,0.0,0.0,Clear
1247,,,0.0,
1248,90.0,,0.0,
1249,,,20.0,Fog
1250,15.0,0.0,20.0,Clear
1251,45.0,,,Fog
1252,90.0,10.0,0.0,Clear
1253,90.0,10.0,20.0,
1254,45.0,0.0,,
1255,45.0,0.0,20.0,Rain
1256,0.0,10.0,0.0,Fog
1257,0.0,10.0,,Rain
1258,,,,Clear
1259,,,,
1260,45.0,0.0,,Fog
1261,90.0,,0.0,Clear
1262,90.0,0.0,,Fog
1263,,10.0,,
1264,90.0,0.0,0.0,Fog
1265,45.0,10.0,0.0,
1266,45.0,0.0,,Rain
1267,45.0,,20.0,Fog
1268,15.0,30.0,,
1269,,,0.0,Fog
1270,0.0,,,Rain
1271,15.0,0.0,0.0,Rain
1272,90.0,0.0,0.0,Rain
1273,0.0,0.0,0.0,Rain
1274,0.0,30.0,,Clear
1275,0.0,30.0,20.0,Fog
1276,45.0,30.0,20.0,
1277,15.0,30.0,,Rain
1278,15.0,10.0,0.0,Clear
1279,15.0,10.0,,Clear
1280,,10.0,20.0,
1281,,30.0,,Rain
1282,45.0,0.0,,Fog
1283,90.0,,0.0,Rain
1284,,,20.0,Fog
1285,45.0,,0.0,
1286,0.0,10.0,20.0,Clear
1287,15.0,30.0,20.0,
1288,,30.0,20.0,Clear
1289,,0.0,20.0,
1290,0.0,30.0,20.0,Rain
1291,0.0,,0.0,
1292,45.0,,,Fog
1293,,,0.0,Fog
1294,45.0,30.0,20.0,Rain
1295,0.0,10.0,,Fog
1296,15.0,0.0,,Rain
1297,90.0,30.0,,Rain
1298,,0.0,,Clear
1299,0.0,10.0,0.0,Clear
1300,15.0,0.0,20.0,Clear
1301,15.0,30.0,0.0,Rain
1302,90.0,30.0,0.0,Fog
1303,45.0,0.0,,
1304,45.0,10.0,0.0,
1305,0.0,0.0,,
1306,90.0,,20.0,Clear
1307,,0.0,0.0,Rain
1308,15.0,10.0,,
1309,0.0,,0.0,Fog
1310,90.0,30.0,0.0,Rain
1311,90.0,,20.0,Fog
1312,90.0,30.0,,Rain
1313,0.0,0.0,0.0,Rain
1314,15.0,10.0,,Fog
1315,45.0,10.0,20.0,
1316,90.0,10.0,0.0,Fog
1317,,30.0,,Rain
1318,0.0,,,Fog
1319,45.0,,,Rain
1320,15.0,30.0,0.0,Clear
1321,15.0,0.0,0.0,Fog
1322,45.0,10.0,,Rain
1323,15.0,0.0,20.0,Clear
1324,45.0,0.0,0.0,Fog
1325,90.0,0.0,,
1326,90.0,0.0,20.0,
1327,,10.0,20.0,Fog
1328,45.0,30.0,,
1329,45.0,,0.0,Clear
1330,15.0,0.0,20.0,
1331,,,0.0,Clear
1332,0.0,10.0,20.0,Rain
1333,90.0,30.0,20.0,
1334,15.0,30.0,20.0,Fog
1335,45.0,10.0,,Clear
1336,0.0,0.0,0.0,Fog
1337,,30.0,,
1338,15.0,,0.0,Rain
1339,90.0,30.0,0.0,Rain
1340,90.0,0.0,,Rain
1341,90.0,30.0,0.0,Clear
1342,0.0,10.0,0.0,
1343,15.0,0.0,20.0,Rain
1344,90.0,,,Fog
1345,,,0.0,
1346,,30.0,,Clear
1347,0.0,,,Fog
1348,15.0,10.0,20.0,
1349,15.0,10.0,,Fog
1350,0.0,10.0,0.0,Clear
1351,0.0,,0.0,Clear
1352,0.0,0.0,,Rain
1353,15.0,10.0,0.0,Fog
1354,15.0,10.0,,Rain
1355,0.0,10.0,,Fog
1356,90.0,0.0,,Clear
1357,45.0,,20.0,Clear
1358,90.0,0.0,0.0,Clear
1359,45.0,,,Rain
1360,45.0,,20.0,Clear
1361,0.0,,0.0,Clear
1362,90.0,,20.0,Clear
1363,90.0,30.0,20.0,
1364,0.0,10.0,20.0,Rain
1365,0.0,,0.0,Rain
1366,45.0,0.0,0.0,Fog
1367,45.0,0.0,20.0,Rain
1368,15.0,,0.0,Fog
1369,15.0,30.0,0.0,
1370,,30.0,,Fog
1371,90.0,30.0,20.0,
1372,90.0,,20.0,Fog
1373,90.0,0.0,20.0,Rain
1374,,30.0,0.0,Clear
1375,0.0,0.0,,Clear
1376,15.0,,20.0,Rain
1377,90.0,30.0,20.0,Clear
1378,0.0,,0.0,Rain
1379,15.0,10.0,0.0,Fog
1380,,10.0,0.0,
1381,90.0,10.0,,Rain
1382,15.0,10.0,20.0,Fog
1383,0.0,0.0,20.0,Fog
1384,0.0,,20.0,
1385,45.0,,,
1386,90.0,0.0,0.0,Clear
1387,0.0,0.0,20.0,Clear
1388,0.0,,0.0,Fog
1389,90.0,10.0,,Rain
1390,15.0,30.0,,Clear
1391,45.0,0.0,0.0,
1392,,,0.0,Clear
1393,45.0,30.0,,Fog
1394,,0.0,,Clear
1395,,,20.0,
1396,45.0,,20.0,Clear
1397,15.0,0.0,,Rain
1398,,10.0,0.0,
1399,0.0,30.0,20.0,Fog
1400,90.0,30.0,0.0,Clear
1401,15.0,0.0,0.0,Fog
1402,45.0,0.0,,Fog
1403,15.0,10.0,0.0,
1404,45.0,30.0,20.0,Clear
1405,0.0,,20.0,Rain
1406,15.0,,,Clear
1407,0.0,0.0,20.0,Fog
1408,15.0,,0.0,Fog
1409,45.0,,0.0,Rain
1410,90.0,10.0,0.0,Clear
1411,,10.0,20.0,Rain
1412,90.0,,20.0,
1413,,0.0,20.0,Clear
1414,45.0,0.0,,
1415,,,0.0,Fog
1416,90.0,,0.0,Clear
1417,,10.0,,Rain
1418,0.0,0.0,20.0,Fog
1419,,,20.0,Rain
1420,45.0,10.0,0.0,
1421,45.0,10.0,0.0,
1422,15.0,0.0,20.0,Rain
1423,,,,Clear
1424,,,0.0,
1425,45.0,,,
1426,15.0,30.0,20.0,Fog
1427,,,20.0,Rain
1428,15.0,0.0,20.0,Rain
1429,45.0,30.0,,Rain
1430,0.0,0.0,0.0,Fog
1431,,0.0,,
1432,45.0,,,Rain
1433,45.0,30.0,,Clear
1434,0.0,30.0,0.0,Fog
1435,,10.0,0.0,Rain
1436,90.0,10.0,20.0,
1437,,10.0,20.0,Clear
1438,90.0,10.0,0.0,Clear
1439,,0.0,20.0,
1440,0.0,,20.0,Clear
1441,0.0,0.0,0.0,Fog
1442,0.0,10.0,0.0,
1443,15.0,,0.0,
1444,45.0,30.0,20.0,Fog
1445,0.0,,,Clear
1446,,30.0,,Clear
1447,0.0,0.0,0.0,Clear
1448,0.0,10.0,0.0,Clear
1449,15.0,0.0,20.0,Clear
1450,45.0,0.0,0.0,Clear
1451,15.0,10.0,0.0,Fog
1452,,0.0,,Rain
1453,90.0,,0.0,Fog
1454,45.0,10.0,,
1455,90.0,30.0,20.0,
1456,0.0,30.0,20.0,Clear
1457,45.0,10.0,0.0,
1458,45.0,,20.0,
1459,0.0,0.0,20.0,
1460,0.0,10.0,,Clear
1461,,10.0,0.0,Rain
1462,90.0,30.0,20.0,Clear
1463,,,,
1464,,0.0,0.0,
1465,90.0,,,Clear
1466,90.0,10.0,,
1467,90.0,0.0,,
1468,90.0,30.0,20.0,Fog
1469,,,20.0,
1470,90.0,30.0,,
1471,90.0,,20.0,Rain
1472,,0.0,0.0,
1473,45.0,0.0,,
1474,,10.0,0.0,Rain
1475,90.0,10.0,0.0,Rain
1476,45.0,,20.0,Clear
1477,15.0,,20.0,
1478,45.0,,0.0,
1479,15.0,30.0,20.0,
1480,0.0,30.0,0.0,Clear
1481,90.0,10.0,0.0,Clear
1482,15.0,10.0,0.0,Fog
1483,,,,Rain
1484,,0.0,0.0,Rain
1485,,30.0,20.0,
1486,90.0,10.0,0.0,Rain
1487,90.0,0.0,20.0,Clear
1488,,0.0,20.0,Rain
1489,15.0,0.0,20.0,Fog
1490,15.0,30.0,20.0,Clear
1491,,,20.0,
1492,0.0,30.0,,
1493,90.0,0.0,0.0,
1494,15.0,30.0,,Fog
1495,,,0.0,Fog
1496,15.0,,20.0,Clear
1497,,30.0,0.0,
1498,15.0,,20.0,Rain
1499,45.0,0.0,,
1500,15.0,,0.0,Clear
1501,15.0,10.0,0.0,Fog
1502,90.0,,20.0,Clear
1503,0.0,0.0,,
1504,0.0,,0.0,Clear
1505,45.0,30.0,,Rain
1506,0.0,,0.0,Clear
1507,15.0,10.0,0.0,Rain
1508,0.0,,0.0,Fog
1509,0.0,10.0,20.0,
1510,0.0,0.0,20.0,Rain
1511,45.0,0.0,20.0,Fog
1512,0.0,30.0,20.0,Fog
1513,45.0,30.0,20.0,Clear
1514,15.0,10.0,0.0,Fog
1515,45.0,0.0,20.0,Fog
1516,,0.0,20.0,
1517,90.0,10.0,0.0,Rain
1518,90.0,10.0,0.0,
1519,45.0,,20.0,Clear
1520,0.0,,20.0,Fog
1521,15.0,30.0,0.0,Fog
1522,0.0,0.0,,Clear
1523,90.0,30.0,0.0,
1524,45.0,,0.0,
1525,90.0,,,
1526,90.0,0.0,0.0,Fog
1527,0.0,30.0,20.0,Rain
1528,45.0,30.0,,
1529,45.0,0.0,,Fog
1530,15.0,30.0,0.0,Clear
1531,45.0,10.0,20.0,Clear
1532,,30.0,0.0,
1533,15.0,10.0,,Fog
1534,90.0,30.0,0.0,Rain
1535,15.0,,0.0,Clear
1536,0.0,30.0,,Clear
1537,15.0,,20.0,Rain
1538,,30.0,20.0,Clear
1539,,0.0,,Rain
1540,0.0,30.0,0.0,Clear
1541,90.0,10.0,0.0,Rain
1542,15.0,,0.0,Fog
1543,,10.0,0.0,
1544,45.0,,,Clear
1545,0.0,10.0,,Fog
1546,,0.0,0.0,Rain
1547,0.0,0.0,20.0,Rain
1548,15.0,0.0,,Rain
1549,,10.0,20.0,Fog
1550,0.0,,20.0,Clear
1551,90.0,,20.0,Clear
1552,,,0.0,
1553,,0.0,0.0,
1554,15.0,10.0,0.0,Rain
1555,45.0,0.0,0.0,Rain
1556,45.0,10.0,0.0,Fog
1557,15.0,30.0,20.0,Rain
1558,,,,Rain
1559,45.0,30.0,,Clear
1560,45.0,0.0,,Fog
1561,0.0,30.0,20.0,
1562,0.0,,,Rain
1563,,10.0,0.0,Rain
1564,45.0,30.0,20.0,Rain
1565,0.0,,0.0,
1566,15.0,,0.0,Rain
1567,,,,Fog
1568,90.0,10.0,0.0,Rain
1569,15.0,10.0,0.0,Fog
1570,15.0,,0.0,
1571,,10.0,20.0,Clear
1572,15.0,30.0,20.0,Clear
1573,45.0,30.0,0.0,
1574,,30.0,20.0,Fog
1575,,0.0,20.0,Fog
1576,90.0,30.0,,Clear
1577,90.0,,20.0,Rain
1578,45.0,30.0,0.0,Clear
1579,45.0,,,Fog
1580,0.0,,,Fog
1581,15.0,30.0,0.0,Rain
1582,,10.0,,Rain
1583,45.0,30.0,20.0,Rain
1584,45.0,30.0,0.0,Fog
1585,45.0,0.0,,
1586,90.0,30.0,20.0,
1587,15.0,0.0,,Fog
1588,90.0,0.0,20.0,
1589,15.0,30.0,,Clear
1590,0.0,,0.0,Rain
1591,0.0,30.0,0.0,
1592,90.0,0.0,20.0,Fog
1593,,,0.0,Fog
1594,,30.0,,Rain
1595,90.0,0.0,20.0,Rain
1596,,10.0,0.0,Fog
1597,90.0,10.0,,Clear
1598,,0.0,,Rain
1599,0.0,,,Clear
1600,,10.0,0.0,Clear
1601,,10.0,20.0,Rain
1602,0.0,0.0,,Fog
1603,15.0,10.0,,Fog
1604,45.0,,,Clear
1605,15.0,0.0,,Rain
1606,90.0,10.0,,Clear
1607,15.0,30.0,0.0,Clear
1608,0.0,10.0,0.0,
1609,,10.0,20.0,
1610,,10.0,20.0,Fog
1611,15.0,10.0,20.0,Clear
1612,15.0,10.0,0.0,Fog
1613,0.0,0.0,,
1614,90.0,0.0,0.0,Rain
1615,90.0,0.0,20.0,Clear
1616,45.0,0.0,20.0,Fog
1617,15.0,30.0,20.0,Clear
1618,,30.0,,Rain
1619,0.0,30.0,0.0,Fog
1620,0.0,10.0,0.0,
1621,90.0,0.0,0.0,
1622,45.0,30.0,0.0,Clear
1623,90.0,0.0,20.0,Clear
1624,15.0,,20.0,
1625,15.0,,0.0,Fog
1626,,0.0,0.0,Rain
1627,45.0,,,Fog
1628,,10.0,20.0,Rain
1629,15.0,,,
1630,90.0,0.0,20.0,Fog
1631,15.0,30.0,,Fog
1632,90.0,0.0,,Fog
1633,90.0,,0.0,Clear
1634,90.0,0.0,,Clear
1635,0.0,10.0,20.0,Rain
1636,15.0,,0.0,Fog
1637,,10.0,0.0,
1638,15.0,10.0,20.0,Clear
1639,45.0,0.0,20.0,Fog
1640,,,20.0,Rain
1641,0.0,30.0,,Rain
1642,,,0.0,
1643,0.0,0.0,20.0,Fog
1644,15.0,0.0,0.0,Fog
1645,,30.0,,Clear
1646,,10.0,,
1647,45.0,30.0,0.0,
1648,15.0,10.0,20.0,
1649,90.0,30.0,,Clear
1650,45.0,10.0,0.0,Rain
1651,90.0,30.0,0.0,Clear
1652,0.0,0.0,0.0,Clear
1653,0.0,,0.0,Rain
1654,15.0,30.0,20.0,Rain
1655,15.0,,20.0,Fog
1656,,30.0,0.0,Clear
1657,,,,Fog
1658,45.0,0.0,20.0,Clear
1659,45.0,30.0,0.0,
1660,,0.0,,Rain
1661,45.0,30.0,,Fog
1662,,10.0,0.0,Fog
1663,,30.0,0.0,Clear
1664,,0.0,0.0,Clear
1665,90.0,30.0,20.0,Clear
1666,,10.0,0.0,Rain
1667,0.0,,20.0,Rain
1668,90.0,,20.0,Clear
1669,15.0,0.0,20.0,Fog
1670,0.0,30.0,,Clear
1671,90.0,30.0,0.0,Clear
1672,0.0,,20.0,Clear
1673,0.0,0.0,20.0,
1674,45.0,0.0,0.0,Fog
1675,,10.0,0.0,
1676,45.0,10.0,,
1677,45.0,30.0,20.0,Fog
1678,,10.0,,Rain
1679,0.0,30.0,,
1680,90.0,30.0,20.0,Rain
1681,45.0,,,Clear
1682,15.0,,,Clear
1683,0.0,,,
1684,15.0,10.0,0.0,Clear
1685,,,0.0,Rain
1686,0.0,,,Clear
1687,90.0,,0.0,Rain
1688,15.0,30.0,20.0,Clear
1689,0.0,0.0,0.0,
1690,90.0,,0.0,Fog
1691,0.0,0.0,20.0,Fog
1692,45.0,10.0,20.0,
1693,90.0,,,Clear
1694,0.0,30.0,,Rain
1695,45.0,,20.0,Fog
1696,90.0,0.0,0.0,Fog
1697,45.0,30.0,20.0,Fog
1698,90.0,30.0,0.0,
1699,0.0,30.0,,Clear
1700,0.0,30.0,0.0,Clear
1701,45.0,30.0,,Fog
1702,45.0,,0.0,Fog
1703,15.0,0.0,20.0,Fog
1704,15.0,,,Rain
1705,,0.0,20.0,
1706,90.0,,20.0,Fog
1707,15.0,30.0,,Fog
1708,15.0,0.0,0.0,Clear
1709,45.0,,,
1710,0.0,,20.0,Clear
1711,0.0,10.0,20.0,Fog
1712,0.0,,20.0,Rain
1713,90.0,10.0,20.0,Clear
1714,,,,Clear
1715,0.0,10.0,0.0,
1716,0.0,,20.0,Rain
1717,15.0,10.0,20.0,Rain
1718,90.0,0.0,0.0,
1719,90.0,10.0,20.0,Fog
1720,45.0,0.0,0.0,Rain
1721,90.0,0.0,0.0,Fog
1722,45.0,10.0,20.0,Clear
1723,0.0,10.0,0.0,Rain
1724,15.0,0.0,0.0,Rain
1725,45.0,10.0,0.0,Fog
1726,90.0,,,Fog
1727,0.0,,0.0,Fog
1728,15.0,10.0,0.0,Clear
1729,45.0,,20.0,Rain
1730,45.0,,0.0,
1731,45.0,10.0,,Clear
1732,,30.0,,Rain
1733,15.0,,20.0,Rain
1734,0.0,30.0,0.0,
1735,45.0,30.0,,
1736,0.0,,20.0,Rain
1737,,10.0,,Clear
1738,15.0,10.0,0.0,Clear
1739,90.0,0.0,20.0,Clear
1740,0.0,10.0,0.0,Fog
1741,45.0,,20.0,Clear
1742,15.0,30.0,0.0,Rain
1743,0.0,10.0,,Rain
1744,45.0,0.0,,Clear
1745,90.0,0.0,,Fog
1746,45.0,30.0,,Fog
1747,90.0,,,
1748,,,0.0,Fog
1749,15.0,,20.0,Clear
1750,0.0,,0.0,Rain
1751,0.0,10.0,20.0,Fog
1752,90.0,30.0,0.0,
1753,45.0,,20.0,Rain
1754,15.0,0.0,0.0,Rain
1755,15.0,30.0,0.0,Rain
1756,15.0,,0.0,
1757,90.0,30.0,0.0,Rain
1758,15.0,30.0,0.0,
1759,15.0,0.0,0.0,Clear
1760,45.0,10.0,,Rain
1761,90.0,0.0,,Rain
1762,0.0,,20.0,
1763,45.0,10.0,0.0,Clear
1764,0.0,,,Rain
1765,0.0,0.0,0.0,Clear
1766,,0.0,0.0,Fog
1767,90.0,0.0,0.0,Fog
1768,15.0,0.0,20.0,Fog
1769,90.0,,,
1770,45.0,0.0,0.0,Rain
1771,,30.0,0.0,
1772,15.0,10.0,20.0,Rain
1773,,10.0,,Clear
1774,15.0,30.0,0.0,Rain
1775,45.0,30.0,,Clear
1776,90.0,,,
1777,45.0,,20.0,
1778,45.0,30.0,0.0,Fog
1779,,10.0,,Clear
1780,45.0,,0.0,Clear
1781,15.0,30.0,20.0,Rain
1782,45.0,,20.0,Clear
1783,0.0,,0.0,Fog
1784,90.0,0.0,,Rain
1785,15.0,10.0,0.0,Fog
1786,45.0,30.0,20.0,
1787,45.0,30.0,,Fog
1788,90.0,30.0,20.0,Fog
1789,0.0,30.0,0.0,Clear
1790,45.0,,0.0,Clear
1791,45.0,10.0,20.0,Clear
1792,90.0,0.0,0.0,Rain
1793,,0.0,20.0,Rain
1794,,10.0,20.0,
1795,45.0,,0.0,Rain
1796,15.0,30.0,20.0,Fog
1797,45.0,10.0,20.0,Clear
1798,15.0,,0.0,Clear
1799,90.0,,20.0,Rain
1800,0.0,,,Clear
