flight_id,airline_id,origin_airport_id,dest_airport_id,departure_time,aircraft,status
1,1,103,102,2025-11-19 02:00:00,B737,Delayed
2,2,105,101,2025-02-06 02:00:00,B737,Delayd
3,4,104,103,2025-02-11 06:00:00,ATR72,Delayed
4,4,104,103,2025-04-01 11:00:00,A320,On Time
5,5,102,104,2025-01-14 19:00:00,B737,Cancelled
6,2,102,101,2025-11-27 14:00:00,ATR72,Delayd
7,3,105,101,2025-03-30 20:00:00,B737,On Time
8,5,104,105,2025-09-13 09:00:00,B737,On Time
9,2,104,101,2025-02-11 11:00:00,A320,On Time
10,2,102,103,2025-10-09 04:00:00,A320 ,Cancelled
11,5,106,101,2025-07-20 02:00:00,ATR72,On Time
12,2,101,102,2025-11-05 02:00:00,A320 ,Delayed
13,1,101,104,2025-01-15 14:00:00,A320 ,On Time
14,4,102,106,2025-10-08 12:00:00,A320 ,Delayd
15,4,101,105,2025-03-01 00:00:00,ATR72,Delayed
16,3,102,104,2025-06-02 06:00:00,B737,On Time
17,5,105,106,2025-03-25 22:00:00,ATR72,Delayd
18,4,104,106,2025-01-21 20:00:00,A320,Cancelled
19,4,104,102,2025-03-10 02:00:00,B737,On Time
20,4,104,103,2025-07-05 21:00:00,A320 ,Cancelled
21,3,105,106,2025-05-13 14:00:00,ATR72,Delayed
22,5,101,104,2025-03-16 19:00:00,A320,Cancelled
23,5,101,105,2025-05-03 01:00:00,B737,Delayed
24,2,101,103,2025-04-02 00:00:00,A320,Delayed
25,3,105,104,2025-11-16 06:00:00,B737,Delayed
26,3,102,106,2025-10-03 05:00:00,ATR72,On Time
27,5,106,103,2025-07-12 10:00:00,B737,Delayed
28,3,104,106,2025-03-01 23:00:00,A320 ,On Time
29,2,101,102,2025-07-25 09:00:00,B737,On Time
30,1,105,104,2025-04-24 06:00:00,B737,Delayed
31,3,103,102,2025-01-21 08:00:00,A320,Delayed
32,1,105,102,2025-10-16 23:00:00,ATR72,On Time
33,5,103,105,2025-02-04 12:00:00,ATR72,Cancelled
34,2,103,102,2025-09-08 00:00:00,A320 ,Delayd
35,2,106,103,2025-08-30 10:00:00,ATR72,Delayed
36,2,106,105,2025-05-10 04:00:00,ATR72,Cancelled
37,1,102,103,2025-11-20 21:00:00,A320 ,On Time
38,3,102,106,2025-11-11 10:00:00,B737,On Time
39,3,104,102,2025-09-12 10:00:00,A320,Delayed
40,2,103,104,2025-08-06 04:00:00,A320,Cancelled
41,3,104,101,2025-03-13 14:00:00,B737,On Time
42,1,103,104,2025-09-03 22:00:00,A320,On Time
43,4,104,105,2025-11-27 19:00:00,B737,Delayd
44,3,104,105,2025-07-06 10:00:00,A320 ,On Time
45,2,104,106,2025-02-25 13:00:00,A320 ,On Time
46,1,101,104,2025-04-19 19:00:00,ATR72,On Time
47,2,101,104,2025-10-31 02:00:00,A320 ,Delayed
48,5,106,101,2025-11-18 12:00:00,A320,Cancelled
49,4,105,106,2025-08-29 12:00:00,A320,Delayd
50,5,106,102,2025-10-31 17:00:00,A320 ,Delayed
51,3,101,102,2025-03-12 04:00:00,B737,Delayd
52,5,106,105,2025-04-01 14:00:00,ATR72,Cancelled
53,1,102,101,2025-05-15 03:00:00,A320 ,Delayed
54,1,101,104,2025-05-26 23:00:00,A320,Cancelled
55,4,106,105,2025-03-10 04:00:00,A320,On Time
56,3,102,103,2025-01-29 00:00:00,A320 ,On Time
57,4,103,105,2025-06-16 23:00:00,ATR72,On Time
58,4,106,105,2025-03-05 03:00:00,ATR72,Delayd
59,4,103,102,2025-01-16 06:00:00,ATR72,Delayd
60,2,104,103,2025-10-13 18:00:00,ATR72,On Time
61,1,102,101,2025-08-17 02:00:00,ATR72,Delayd
62,5,105,102,2025-01-21 20:00:00,A320 ,Delayd
63,5,105,104,2025-10-28 23:00:00,B737,Delayd
64,4,103,101,2025-11-05 04:00:00,A320,Delayed
65,2,101,105,2025-11-20 23:00:00,B737,Delayed
66,1,102,103,2025-05-25 13:00:00,A320,Delayd
67,5,102,103,2025-03-30 01:00:00,ATR72,On Time
68,5,101,105,2025-05-16 16:00:00,ATR72,Cancelled
69,1,105,104,2025-09-26 12:00:00,A320 ,On Time
70,2,104,102,2025-07-13 10:00:00,A320,On Time
71,3,105,101,2025-10-24 03:00:00,ATR72,Delayd
72,4,103,105,2025-07-15 07:00:00,A320 ,On Time
73,4,102,104,2025-02-19 03:00:00,A320 ,On Time
74,2,104,103,2025-01-17 20:00:00,A320 ,Cancelled
75,3,103,101,2025-10-07 01:00:00,ATR72,Cancelled
76,1,103,105,2025-11-28 23:00:00,B737,Delayed
77,3,103,105,2025-04-03 00:00:00,A320 ,On Time
78,2,102,105,2025-11-08 19:00:00,A320 ,Delayd
79,1,105,103,2025-06-25 22:00:00,B737,On Time
80,4,103,106,2025-02-16 08:00:00,A320,Delayed
81,1,102,103,2025-03-27 04:00:00,A320,Delayd
82,2,101,104,2025-04-04 13:00:00,ATR72,Delayd
83,1,105,104,2025-08-21 13:00:00,A320,Delayed
84,5,103,105,2025-06-02 07:00:00,B737,Delayd
85,3,105,106,2025-04-28 13:00:00,B737,Cancelled
86,3,106,101,2025-01-10 09:00:00,A320 ,On Time
87,2,102,106,2025-10-20 14:00:00,B737,Delayed
88,3,106,102,2025-08-11 10:00:00,A320 ,On Time
89,4,106,101,2025-11-08 04:00:00,B737,Delayed
90,2,105,101,2025-03-28 04:00:00,ATR72,Cancelled
91,3,104,105,2025-06-06 17:00:00,ATR72,Delayed
92,5,104,103,2025-10-09 09:00:00,A320 ,On Time
93,3,101,106,2025-07-11 16:00:00,ATR72,Cancelled
94,4,106,101,2025-01-22 19:00:00,ATR72,Cancelled
95,3,106,103,2025-03-31 04:00:00,ATR72,Delayed
96,2,102,106,2025-11-04 03:00:00,A320,Delayd
97,2,106,103,2025-09-04 05:00:00,A320,Delayd
98,4,103,104,2025-05-19 03:00:00,A320 ,On Time
99,2,105,106,2025-04-28 04:00:00,B737,Delayd
100,5,106,103,2025-04-13 12:00:00,B737,Delayed
101,4,103,101,2025-02-13 17:00:00,ATR72,Delayed
102,1,106,103,2025-03-17 21:00:00,ATR72,Delayed
103,4,106,103,2025-09-27 01:00:00,ATR72,Cancelled
104,3,103,106,2025-06-08 08:00:00,A320,Delayd
105,5,101,106,2025-11-19 08:00:00,A320,Delayd
106,1,102,106,2025-10-24 03:00:00,A320 ,Cancelled
107,2,104,101,2025-02-16 22:00:00,B737,Cancelled
108,4,104,106,2025-02-18 22:00:00,ATR72,Delayed
109,3,101,105,2025-08-04 10:00:00,B737,Cancelled
110,1,106,101,2025-06-04 08:00:00,ATR72,Delayed
111,2,102,106,2025-06-17 03:00:00,A320,Delayed
112,4,105,104,2025-05-18 17:00:00,A320 ,Delayd
113,1,104,101,2025-07-02 05:00:00,B737,Cancelled
114,5,101,104,2025-03-07 02:00:00,A320,On Time
115,2,106,102,2025-08-25 18:00:00,ATR72,Cancelled
116,4,102,101,2025-06-21 20:00:00,ATR72,Delayed
117,3,101,102,2025-11-20 18:00:00,ATR72,Delayd
118,5,106,105,2025-06-28 22:00:00,ATR72,Delayd
119,3,106,102,2025-11-04 17:00:00,A320 ,Cancelled
120,4,102,103,2025-01-07 13:00:00,B737,Delayed
121,2,106,102,2025-09-08 14:00:00,A320,Delayed
122,1,101,104,2025-05-09 02:00:00,ATR72,On Time
123,1,105,101,2025-08-12 03:00:00,A320,On Time
124,4,106,101,2025-06-01 16:00:00,A320 ,On Time
125,4,105,103,2025-08-28 14:00:00,B737,Delayed
126,3,106,101,2025-05-24 16:00:00,A320,Cancelled
127,2,105,106,2025-05-24 00:00:00,A320,On Time
128,1,103,101,2025-06-19 22:00:00,B737,Delayed
129,2,103,106,2025-05-03 05:00:00,A320 ,Cancelled
130,5,102,101,2025-06-19 11:00:00,B737,Delayd
131,1,103,102,2025-01-05 09:00:00,A320,On Time
132,2,105,104,2025-11-21 02:00:00,A320,On Time
133,3,106,101,2025-08-08 23:00:00,B737,Delayd
134,4,103,104,2025-01-18 03:00:00,A320,Delayed
135,3,101,104,2025-10-01 15:00:00,ATR72,Delayd
136,1,106,101,2025-10-18 14:00:00,A320,On Time
137,3,102,103,2025-05-03 01:00:00,A320 ,Cancelled
138,3,106,101,2025-10-06 05:00:00,ATR72,Delayed
139,4,101,105,2025-11-25 12:00:00,A320 ,Cancelled
140,4,104,105,2025-08-10 12:00:00,B737,On Time
141,2,102,101,2025-02-05 10:00:00,A320 ,Delayd
142,2,105,104,2025-07-28 16:00:00,A320 ,Cancelled
143,2,105,101,2025-06-14 22:00:00,A320 ,On Time
144,1,104,105,2025-01-22 15:00:00,ATR72,Cancelled
145,5,101,106,2025-09-05 02:00:00,B737,Cancelled
146,5,105,106,2025-02-02 13:00:00,A320 ,Delayed
147,4,104,103,2025-02-20 18:00:00,A320,On Time
148,5,106,102,2025-10-17 18:00:00,A320 ,Delayd
149,4,102,101,2025-04-20 11:00:00,B737,Cancelled
150,5,103,101,2025-03-18 01:00:00,A320 ,Delayd
151,4,102,101,2025-06-01 15:00:00,A320 ,On Time
152,3,104,105,2025-02-10 13:00:00,A320 ,On Time
153,4,101,105,2025-01-13 06:00:00,A320,On Time
154,3,105,106,2025-10-31 20:00:00,B737,Delayd
155,1,103,104,2025-10-06 18:00:00,B737,Delayd
156,5,103,106,2025-07-24 19:00:00,A320 ,Cancelled
157,1,106,104,2025-02-03 07:00:00,B737,On Time
158,3,103,104,2025-07-06 23:00:00,ATR72,On Time
159,4,101,103,2025-02-17 23:00:00,A320 ,On Time
160,2,103,106,2025-03-06 01:00:00,A320,Delayd
161,2,102,105,2025-09-02 16:00:00,ATR72,On Time
162,5,104,101,2025-02-12 02:00:00,A320 ,Delayd
163,5,106,105,2025-02-15 23:00:00,A320 ,On Time
164,5,105,101,2025-11-16 07:00:00,A320 ,Delayd
165,5,105,102,2025-03-01 07:00:00,B737,On Time
166,5,104,106,2025-10-29 08:00:00,ATR72,Delayd
167,2,104,106,2025-04-04 10:00:00,A320 ,Cancelled
168,2,103,105,2025-02-17 04:00:00,A320 ,Cancelled
169,3,106,105,2025-09-01 00:00:00,B737,Delayed
170,3,102,106,2025-08-23 09:00:00,ATR72,Delayed
171,5,106,102,2025-07-05 05:00:00,ATR72,On Time
172,4,103,106,2025-07-18 23:00:00,A320 ,Cancelled
173,5,104,101,2025-02-06 09:00:00,A320,Delayd
174,1,102,101,2025-03-10 06:00:00,ATR72,Delayed
175,2,103,104,2025-10-14 13:00:00,A320,Cancelled
176,1,102,106,2025-05-03 11:00:00,A320 ,On Time
177,2,105,106,2025-09-11 10:00:00,A320 ,Delayed
178,1,105,103,2025-11-13 06:00:00,A320 ,Delayd
179,5,104,103,2025-01-19 09:00:00,A320,Cancelled
180,4,102,106,2025-10-11 08:00:00,B737,Cancelled
181,5,105,106,2025-03-09 02:00:00,B737,Cancelled
182,1,104,102,2025-03-05 20:00:00,B737,On Time
183,4,104,101,2025-04-06 07:00:00,ATR72,Delayed
184,3,102,106,2025-01-02 23:00:00,ATR72,Delayd
185,1,106,102,2025-02-22 12:00:00,ATR72,On Time
186,3,106,105,2025-06-17 11:00:00,ATR72,On Time
187,5,106,103,2025-03-17 02:00:00,B737,On Time
188,4,105,102,2025-07-05 09:00:00,A320 ,On Time
189,2,103,102,2025-08-15 11:00:00,ATR72,Cancelled
190,2,103,104,2025-11-21 09:00:00,A320 ,On Time
191,4,101,104,2025-03-24 01:00:00,B737,On Time
192,4,106,103,2025-11-09 16:00:00,A320,Delayd
193,3,103,106,2025-01-09 11:00:00,ATR72,Delayd
194,3,104,101,2025-11-03 15:00:00,B737,Cancelled
195,1,105,101,2025-02-27 04:00:00,A320,On Time
196,4,102,103,2025-10-13 06:00:00,A320,Delayed
197,1,105,104,2025-09-12 23:00:00,B737,On Time
198,1,104,103,2025-01-30 21:00:00,A320,On Time
199,5,102,104,2025-01-25 02:00:00,B737,Cancelled
200,4,104,105,2025-08-04 03:00:00,A320 ,Delayd
201,4,103,101,2025-08-18 20:00:00,A320,On Time
202,1,106,105,2025-09-16 01:00:00,A320,On Time
203,1,103,106,2025-04-09 23:00:00,ATR72,On Time
204,4,103,105,2025-05-15 21:00:00,A320,Delayd
205,2,102,106,2025-02-16 14:00:00,A320 ,Cancelled
206,3,106,102,2025-08-20 05:00:00,ATR72,On Time
207,2,105,106,2025-02-12 02:00:00,A320,On Time
208,4,105,106,2025-07-03 09:00:00,A320,Cancelled
209,2,102,104,2025-05-21 21:00:00,B737,Delayed
210,5,102,103,2025-10-12 23:00:00,ATR72,Delayed
211,5,101,103,2025-10-18 22:00:00,A320,Delayd
212,1,106,105,2025-04-10 06:00:00,A320,Cancelled
213,5,101,103,2025-06-16 08:00:00,ATR72,Cancelled
214,1,102,103,2025-04-08 08:00:00,A320,Delayed
215,4,103,105,2025-04-23 02:00:00,ATR72,Delayed
216,3,105,106,2025-10-03 17:00:00,ATR72,Delayd
217,3,102,101,2025-03-26 01:00:00,B737,Delayd
218,2,103,104,2025-08-21 00:00:00,ATR72,Delayd
219,3,104,105,2025-09-22 11:00:00,ATR72,Delayd
220,2,105,101,2025-08-09 09:00:00,A320,Cancelled
221,2,102,106,2025-03-31 21:00:00,A320,On Time
222,1,101,106,2025-10-05 10:00:00,A320 ,Delayed
223,3,101,106,2025-07-05 13:00:00,A320 ,Delayed
224,2,103,105,2025-11-01 07:00:00,ATR72,Delayed
225,5,104,106,2025-01-31 22:00:00,A320 ,Cancelled
226,2,105,101,2025-10-17 11:00:00,B737,Delayed
227,2,104,102,2025-07-13 08:00:00,B737,Delayd
228,2,103,101,2025-09-17 22:00:00,A320 ,Delayed
229,3,101,104,2025-03-21 22:00:00,A320,Delayed
230,4,105,103,2025-06-10 08:00:00,A320 ,On Time
231,1,101,104,2025-08-29 06:00:00,ATR72,Cancelled
232,5,105,106,2025-03-01 09:00:00,A320 ,Delayd
233,1,103,106,2025-06-26 09:00:00,ATR72,Delayd
234,4,102,106,2025-05-01 11:00:00,ATR72,Delayd
235,1,104,106,2025-06-21 08:00:00,B737,Delayd
236,1,102,103,2025-06-25 16:00:00,ATR72,Delayed
237,2,102,103,2025-05-04 16:00:00,A320,Delayed
238,1,104,103,2025-06-14 09:00:00,A320 ,Delayd
239,2,102,106,2025-08-09 23:00:00,A320 ,On Time
240,2,102,101,2025-07-15 19:00:00,B737,Delayed
241,1,106,105,2025-11-01 02:00:00,B737,On Time
242,2,102,104,2025-06-26 09:00:00,A320 ,On Time
243,1,106,103,2025-03-15 23:00:00,A320 ,Delayd
244,2,104,102,2025-10-11 11:00:00,A320 ,Delayed
245,5,105,102,2025-08-14 04:00:00,ATR72,Delayed
246,4,106,103,2025-07-23 15:00:00,A320,Delayed
247,2,104,105,2025-02-07 02:00:00,A320,Delayed
248,4,105,106,2025-10-10 03:00:00,B737,On Time
249,5,102,105,2025-07-24 18:00:00,A320,On Time
250,2,101,105,2025-11-04 22:00:00,A320,Delayd
251,3,105,104,2025-10-26 15:00:00,A320,Delayd
252,4,102,105,2025-04-30 16:00:00,A320,Delayd
253,4,102,104,2025-09-19 10:00:00,B737,On Time
254,5,103,106,2025-05-20 12:00:00,ATR72,Delayed
255,5,101,102,2025-06-28 09:00:00,A320,On Time
256,3,104,102,2025-05-20 14:00:00,ATR72,On Time
257,5,102,105,2025-03-28 14:00:00,ATR72,Delayd
258,5,105,103,2025-04-05 02:00:00,A320 ,Delayed
259,5,104,106,2025-06-14 17:00:00,B737,Cancelled
260,4,105,106,2025-03-28 15:00:00,ATR72,Cancelled
261,2,106,104,2025-10-19 21:00:00,A320,Delayed
262,1,104,102,2025-03-15 05:00:00,A320 ,Cancelled
263,1,105,106,2025-02-24 21:00:00,A320 ,On Time
264,4,101,103,2025-11-13 01:00:00,A320 ,On Time
265,2,101,104,2025-05-07 14:00:00,A320,On Time
266,4,106,104,2025-07-29 14:00:00,ATR72,On Time
267,4,102,105,2025-01-04 16:00:00,B737,Cancelled
268,5,102,101,2025-06-24 07:00:00,B737,Delayed
269,3,106,101,2025-03-23 16:00:00,A320,Delayed
270,4,101,104,2025-05-01 13:00:00,A320 ,Delayd
271,5,105,102,2025-01-06 06:00:00,A320,On Time
272,5,105,103,2025-11-09 08:00:00,ATR72,Cancelled
273,5,103,102,2025-11-25 18:00:00,B737,Delayd
274,1,104,106,2025-03-31 03:00:00,B737,Delayd
275,5,105,101,2025-01-25 17:00:00,ATR72,Cancelled
276,3,101,106,2025-10-27 02:00:00,ATR72,Delayd
277,4,104,106,2025-09-20 20:00:00,B737,Cancelled
278,5,104,105,2025-10-22 06:00:00,A320,Delayd
279,1,101,104,2025-05-11 15:00:00,B737,Delayed
280,3,103,105,2025-06-26 08:00:00,A320,Cancelled
281,1,102,104,2025-05-17 05:00:00,ATR72,On Time
282,4,105,102,2025-04-18 04:00:00,ATR72,Delayed
283,2,105,103,2025-11-20 07:00:00,B737,Delayd
284,2,106,102,2025-09-09 01:00:00,B737,Cancelled
285,2,102,103,2025-10-13 00:00:00,B737,Cancelled
286,1,102,101,2025-11-11 03:00:00,A320,Delayd
287,5,105,101,2025-11-24 00:00:00,A320,Delayd
288,3,103,106,2025-06-18 02:00:00,ATR72,Delayd
289,3,102,106,2025-05-16 20:00:00,B737,Delayed
290,4,101,106,2025-06-13 07:00:00,A320,Cancelled
291,4,104,102,2025-11-30 08:00:00,A320,Delayd
292,1,103,101,2025-08-19 03:00:00,B737,Delayd
293,3,105,101,2025-05-04 11:00:00,ATR72,Delayed
294,2,105,103,2025-04-02 23:00:00,A320 ,Cancelled
295,4,103,102,2025-05-25 17:00:00,B737,Delayd
296,3,106,103,2025-10-19 15:00:00,A320 ,Cancelled
297,5,104,102,2025-02-14 19:00:00,B737,On Time
298,2,106,103,2025-07-09 14:00:00,A320 ,Delayd
299,2,102,103,2025-06-11 11:00:00,A320,Delayed
300,2,104,105,2025-11-01 22:00:00,ATR72,Delayd
301,5,103,104,2025-10-21 01:00:00,A320,Delayd
302,1,101,103,2025-03-15 14:00:00,ATR72,Delayd
303,4,106,101,2025-09-12 04:00:00,ATR72,Cancelled
304,5,103,104,2025-07-10 07:00:00,ATR72,Cancelled
305,1,101,105,2025-04-30 21:00:00,B737,Delayed
306,3,103,104,2025-08-18 19:00:00,A320 ,Delayd
307,5,101,105,2025-04-08 20:00:00,A320 ,Delayed
308,4,102,104,2025-08-04 12:00:00,A320 ,On Time
309,3,101,103,2025-03-19 22:00:00,ATR72,Cancelled
310,3,106,103,2025-07-26 16:00:00,A320 ,Cancelled
311,5,104,103,2025-06-27 20:00:00,A320 ,Delayd
312,1,102,103,2025-02-12 17:00:00,B737,Cancelled
313,2,106,101,2025-02-27 00:00:00,A320 ,On Time
314,4,101,102,2025-07-07 05:00:00,A320,On Time
315,1,104,106,2025-02-05 12:00:00,ATR72,Delayed
316,3,101,105,2025-03-20 07:00:00,B737,Cancelled
317,2,104,102,2025-06-29 20:00:00,B737,On Time
318,3,101,104,2025-10-23 00:00:00,A320 ,Delayd
319,5,105,103,2025-06-01 21:00:00,B737,Delayed
320,4,105,106,2025-08-04 10:00:00,A320 ,Cancelled
321,5,103,105,2025-03-19 13:00:00,A320,Delayd
322,4,103,104,2025-03-30 17:00:00,B737,Cancelled
323,5,101,102,2025-10-06 08:00:00,B737,Cancelled
324,5,103,105,2025-01-03 21:00:00,A320 ,Delayd
325,4,103,101,2025-09-30 09:00:00,ATR72,Delayed
326,3,101,106,2025-03-06 09:00:00,A320 ,Delayd
327,2,104,102,2025-09-02 01:00:00,A320 ,Delayd
328,1,102,104,2025-05-25 03:00:00,B737,Cancelled
329,3,103,106,2025-05-21 23:00:00,B737,On Time
330,3,102,103,2025-02-07 17:00:00,A320 ,Delayd
331,4,103,106,2025-03-06 03:00:00,ATR72,On Time
332,5,102,101,2025-01-08 14:00:00,B737,On Time
333,2,103,104,2025-09-02 03:00:00,A320 ,On Time
334,2,102,101,2025-01-06 01:00:00,A320 ,Delayed
335,3,103,105,2025-09-26 05:00:00,A320 ,Cancelled
336,3,104,101,2025-01-28 10:00:00,B737,On Time
337,1,103,105,2025-07-05 10:00:00,A320 ,Delayed
338,4,102,104,2025-10-10 18:00:00,A320,On Time
339,4,106,102,2025-09-21 06:00:00,A320 ,Delayed
340,2,106,101,2025-06-07 08:00:00,A320,Delayed
341,3,104,105,2025-11-16 14:00:00,ATR72,Delayed
342,5,106,101,2025-06-27 20:00:00,A320,Cancelled
343,2,104,103,2025-05-04 01:00:00,A320,Delayed
344,4,101,103,2025-04-21 19:00:00,A320,Delayed
345,1,103,106,2025-05-16 03:00:00,B737,On Time
346,4,101,106,2025-08-24 00:00:00,B737,Cancelled
347,2,101,103,2025-06-20 16:00:00,A320,Cancelled
348,1,106,101,2025-05-02 09:00:00,B737,On Time
349,2,102,105,2025-04-19 03:00:00,ATR72,Delayd
350,1,106,102,2025-08-24 07:00:00,A320 ,Cancelled
351,3,106,102,2025-11-03 18:00:00,A320,Delayd
352,5,106,104,2025-04-11 15:00:00,A320 ,Delayed
353,5,105,102,2025-04-29 17:00:00,ATR72,Delayd
354,5,103,106,2025-02-24 18:00:00,A320,Delayed
355,3,104,103,2025-07-04 21:00:00,ATR72,Delayd
356,4,101,106,2025-09-08 11:00:00,B737,On Time
357,5,105,103,2025-03-23 13:00:00,ATR72,On Time
358,4,106,105,2025-03-06 20:00:00,A320 ,Delayed
359,3,105,103,2025-05-20 22:00:00,ATR72,On Time
360,1,101,106,2025-01-15 23:00:00,B737,Delayed
361,1,101,103,2025-06-15 17:00:00,B737,On Time
362,4,101,106,2025-08-13 14:00:00,A320 ,Cancelled
363,2,101,104,2025-07-26 20:00:00,A320,On Time
364,1,102,105,2025-06-09 19:00:00,A320,Cancelled
365,3,105,104,2025-09-29 03:00:00,A320,Cancelled
366,1,105,101,2025-10-12 20:00:00,ATR72,On Time
367,1,102,106,2025-02-04 14:00:00,B737,Delayd
368,5,102,103,2025-08-13 06:00:00,B737,Delayed
369,4,105,106,2025-09-12 17:00:00,A320,Cancelled
370,4,106,104,2025-10-29 09:00:00,A320,Delayed
371,4,102,106,2025-06-22 07:00:00,ATR72,Delayed
372,4,105,106,2025-11-15 16:00:00,ATR72,Cancelled
373,3,105,103,2025-05-21 18:00:00,A320 ,Cancelled
374,5,105,102,2025-07-06 06:00:00,B737,Delayd
375,3,105,103,2025-11-25 06:00:00,A320 ,Delayd
376,1,104,101,2025-04-08 03:00:00,A320,Delayed
377,3,103,101,2025-03-17 18:00:00,B737,Cancelled
378,5,101,104,2025-06-24 13:00:00,B737,On Time
379,3,101,105,2025-02-23 07:00:00,B737,Cancelled
380,2,103,106,2025-03-21 13:00:00,ATR72,Cancelled
381,4,101,106,2025-07-14 06:00:00,B737,On Time
382,4,106,103,2025-03-01 01:00:00,A320 ,On Time
383,1,105,103,2025-09-07 11:00:00,A320 ,On Time
384,3,101,104,2025-10-28 08:00:00,A320 ,Delayd
385,5,101,103,2025-11-14 00:00:00,A320,Delayd
386,5,101,104,2025-01-15 02:00:00,ATR72,Delayed
387,2,103,106,2025-02-22 07:00:00,A320,Delayd
388,5,104,106,2025-06-22 07:00:00,A320,Delayed
389,4,104,103,2025-02-20 13:00:00,B737,Cancelled
390,5,101,105,2025-09-12 10:00:00,A320,Delayd
391,4,103,101,2025-06-21 07:00:00,A320 ,Delayed
392,5,102,105,2025-03-09 15:00:00,A320 ,Delayd
393,2,106,105,2025-07-11 14:00:00,B737,Delayed
394,4,101,104,2025-04-21 10:00:00,A320,On Time
395,4,106,104,2025-05-05 17:00:00,ATR72,Delayed
396,5,103,104,2025-08-12 18:00:00,A320,Cancelled
397,5,102,104,2025-10-08 11:00:00,A320 ,Delayed
398,2,104,101,2025-03-10 04:00:00,ATR72,Delayed
399,1,106,101,2025-09-10 11:00:00,A320,Delayed
400,3,105,102,2025-01-05 17:00:00,ATR72,On Time
401,4,103,105,2025-01-08 19:00:00,ATR72,Delayed
402,2,106,105,2025-03-11 14:00:00,ATR72,Delayd
403,1,105,102,2025-05-09 14:00:00,A320,Cancelled
404,3,102,101,2025-03-10 13:00:00,ATR72,On Time
405,1,104,101,2025-05-13 16:00:00,ATR72,Cancelled
406,3,101,102,2025-10-24 02:00:00,A320 ,Delayed
407,1,104,106,2025-11-05 13:00:00,ATR72,Delayd
408,1,105,106,2025-03-05 16:00:00,B737,Delayd
409,1,105,101,2025-03-26 11:00:00,ATR72,Cancelled
410,2,104,105,2025-01-07 07:00:00,ATR72,Cancelled
411,2,103,104,2025-06-21 03:00:00,ATR72,On Time
412,4,106,103,2025-10-31 23:00:00,A320,Cancelled
413,3,102,103,2025-11-03 06:00:00,A320 ,Delayed
414,5,101,105,2025-11-24 22:00:00,B737,Delayd
415,2,102,106,2025-05-26 14:00:00,ATR72,Cancelled
416,2,104,106,2025-03-12 14:00:00,B737,Delayed
417,5,102,104,2025-11-07 12:00:00,B737,Delayd
418,2,102,106,2025-04-19 09:00:00,A320,On Time
419,2,102,104,2025-09-06 05:00:00,A320,Cancelled
420,3,104,105,2025-06-01 06:00:00,ATR72,Delayed
421,2,102,101,2025-03-05 02:00:00,A320,Cancelled
422,5,105,106,2025-03-20 20:00:00,B737,Delayed
423,3,106,101,2025-01-28 04:00:00,A320 ,Delayed
424,4,105,106,2025-09-01 01:00:00,ATR72,Delayed
425,4,104,105,2025-02-16 23:00:00,B737,Delayed
426,4,102,101,2025-09-19 00:00:00,A320,Cancelled
427,2,104,102,2025-09-16 16:00:00,B737,On Time
428,5,102,105,2025-06-17 06:00:00,ATR72,Delayd
429,4,102,105,2025-09-22 23:00:00,A320,Delayd
430,4,106,103,2025-07-28 18:00:00,A320,On Time
431,1,104,105,2025-10-27 15:00:00,B737,Delayd
432,5,106,101,2025-05-13 06:00:00,A320,Delayed
433,4,103,105,2025-10-29 21:00:00,ATR72,Cancelled
434,4,104,102,2025-04-11 12:00:00,A320,Delayed
435,1,104,105,2025-09-04 16:00:00,A320,Delayed
436,2,105,106,2025-05-15 05:00:00,A320 ,Cancelled
437,2,104,101,2025-06-04 21:00:00,B737,Delayd
438,3,101,104,2025-08-25 03:00:00,B737,On Time
439,4,101,102,2025-08-05 11:00:00,ATR72,On Time
440,5,105,104,2025-07-28 23:00:00,B737,Delayd
441,1,105,104,2025-09-20 06:00:00,B737,Cancelled
442,2,105,102,2025-10-24 14:00:00,B737,Delayed
443,4,106,101,2025-04-16 04:00:00,ATR72,Delayd
444,1,103,102,2025-11-03 17:00:00,B737,Delayed
445,3,101,106,2025-01-05 05:00:00,A320 ,Delayd
446,1,104,106,2025-07-27 13:00:00,A320 ,Delayed
447,4,102,106,2025-06-04 22:00:00,A320 ,Delayd
448,5,101,106,2025-01-03 06:00:00,B737,Cancelled
449,2,105,106,2025-01-17 17:00:00,B737,Delayed
450,1,101,104,2025-02-19 15:00:00,A320,Cancelled
451,1,103,101,2025-02-07 05:00:00,A320 ,Delayed
452,5,102,104,2025-08-14 15:00:00,B737,Delayd
453,3,106,105,2025-11-14 23:00:00,A320,On Time
454,3,103,104,2025-11-03 09:00:00,A320 ,On Time
455,1,104,106,2025-04-10 23:00:00,A320 ,Delayed
456,3,101,104,2025-06-29 22:00:00,A320 ,Delayed
457,5,106,102,2025-01-20 21:00:00,A320,On Time
458,3,104,106,2025-05-26 19:00:00,ATR72,Cancelled
459,5,105,106,2025-05-01 19:00:00,B737,Delayd
460,4,105,104,2025-10-03 19:00:00,B737,Delayed
461,2,106,103,2025-01-01 13:00:00,A320,On Time
462,2,104,101,2025-09-30 23:00:00,A320 ,Delayd
463,3,101,104,2025-07-11 07:00:00,B737,On Time
464,3,106,102,2025-03-28 21:00:00,A320,Cancelled
465,5,103,106,2025-04-21 14:00:00,A320,On Time
466,3,106,103,2025-05-16 05:00:00,A320,Delayed
467,3,102,104,2025-11-11 20:00:00,A320 ,Delayd
468,4,101,103,2025-02-23 01:00:00,A320 ,Cancelled
469,1,104,105,2025-10-13 02:00:00,ATR72,Cancelled
470,1,105,106,2025-03-13 03:00:00,ATR72,Cancelled
471,3,101,103,2025-10-15 00:00:00,A320,Cancelled
472,2,104,106,2025-07-14 22:00:00,A320 ,Delayed
473,3,105,101,2025-08-29 18:00:00,ATR72,On Time
474,1,103,105,2025-06-19 16:00:00,B737,Cancelled
475,2,104,103,2025-06-29 06:00:00,ATR72,Delayed
476,1,101,104,2025-09-23 12:00:00,B737,On Time
477,1,104,106,2025-09-30 18:00:00,A320 ,Delayed
478,4,102,104,2025-09-08 01:00:00,ATR72,Cancelled
479,5,102,101,2025-08-20 00:00:00,B737,Delayed
480,4,106,101,2025-05-13 08:00:00,A320,On Time
481,5,103,101,2025-10-25 15:00:00,A320,Cancelled
482,1,104,101,2025-06-27 17:00:00,ATR72,On Time
483,2,105,103,2025-04-20 13:00:00,B737,Delayed
484,5,103,104,2025-04-19 23:00:00,A320 ,On Time
485,2,103,102,2025-04-04 10:00:00,A320,On Time
486,5,105,106,2025-02-04 23:00:00,B737,Cancelled
487,3,105,103,2025-02-18 08:00:00,ATR72,Delayed
488,3,102,101,2025-07-29 08:00:00,ATR72,Delayd
489,1,101,103,2025-06-10 17:00:00,A320,On Time
490,1,104,101,2025-05-26 14:00:00,A320 ,Delayed
491,5,106,105,2025-08-03 21:00:00,A320 ,Cancelled
492,2,103,104,2025-09-01 09:00:00,A320,Delayd
493,1,105,102,2025-10-05 11:00:00,A320 ,On Time
494,4,104,103,2025-06-10 15:00:00,B737,Delayed
495,3,102,106,2025-11-08 15:00:00,ATR72,Delayd
496,3,102,104,2025-06-04 18:00:00,A320 ,On Time
497,1,101,105,2025-05-01 00:00:00,A320 ,Delayd
498,3,102,104,2025-07-26 08:00:00,B737,On Time
499,3,104,101,2025-07-09 20:00:00,A320,Cancelled
500,4,105,104,2025-07-21 14:00:00,A320 ,Delayed
501,5,105,102,2025-02-24 07:00:00,A320 ,Delayd
502,2,101,104,2025-10-05 20:00:00,A320 ,Delayd
503,5,105,103,2025-08-25 23:00:00,B737,Delayed
504,5,106,101,2025-10-13 15:00:00,A320 ,On Time
505,4,105,106,2025-04-22 02:00:00,A320,Delayd
506,4,102,104,2025-01-24 19:00:00,A320,Delayd
507,1,103,105,2025-01-31 22:00:00,B737,Delayed
508,2,105,101,2025-08-14 14:00:00,B737,Delayd
509,4,105,103,2025-07-30 03:00:00,A320 ,Delayed
510,3,102,104,2025-07-14 16:00:00,ATR72,Delayd
511,1,106,103,2025-07-18 22:00:00,A320,Delayd
512,1,102,104,2025-05-07 01:00:00,A320,On Time
513,3,106,105,2025-02-07 11:00:00,ATR72,On Time
514,5,102,105,2025-05-15 14:00:00,ATR72,Delayd
515,4,104,105,2025-07-06 02:00:00,B737,Delayed
516,2,104,102,2025-07-09 15:00:00,A320 ,Cancelled
517,3,104,102,2025-10-25 22:00:00,B737,Delayed
518,1,101,102,2025-02-19 04:00:00,A320 ,Delayd
519,2,102,101,2025-08-08 06:00:00,A320 ,Delayd
520,4,106,105,2025-08-01 18:00:00,B737,Delayd
521,5,105,104,2025-10-07 23:00:00,A320 ,Delayd
522,2,103,102,2025-05-26 00:00:00,A320,Delayd
523,5,106,102,2025-04-02 22:00:00,A320 ,Cancelled
524,5,101,102,2025-06-14 23:00:00,ATR72,On Time
525,1,105,104,2025-02-18 12:00:00,ATR72,Delayd
526,5,105,101,2025-10-31 19:00:00,A320,Delayed
527,5,104,101,2025-09-30 11:00:00,ATR72,On Time
528,1,103,106,2025-06-10 01:00:00,A320 ,Delayd
529,4,105,103,2025-05-01 12:00:00,ATR72,Cancelled
530,5,102,101,2025-09-13 20:00:00,ATR72,Cancelled
531,5,101,105,2025-02-27 18:00:00,A320,Cancelled
532,1,106,105,2025-04-08 22:00:00,A320 ,On Time
533,1,102,106,2025-10-18 16:00:00,ATR72,Cancelled
534,3,102,106,2025-04-04 23:00:00,ATR72,On Time
535,5,106,101,2025-03-01 15:00:00,B737,Delayd
536,3,103,102,2025-09-25 03:00:00,B737,Delayd
537,1,102,106,2025-04-28 01:00:00,A320,Delayed
538,4,105,102,2025-09-14 23:00:00,A320 ,Delayd
539,2,102,105,2025-03-14 00:00:00,ATR72,On Time
540,1,106,103,2025-01-18 23:00:00,B737,Delayd
541,3,104,105,2025-06-12 14:00:00,B737,Delayd
542,4,106,104,2025-03-31 16:00:00,B737,Delayd
543,4,101,104,2025-05-11 10:00:00,ATR72,On Time
544,3,101,106,2025-11-23 10:00:00,A320 ,Cancelled
545,3,103,104,2025-10-01 21:00:00,A320,Cancelled
546,4,106,105,2025-06-07 10:00:00,B737,Delayed
547,2,105,103,2025-04-17 23:00:00,A320,On Time
548,4,101,102,2025-02-03 09:00:00,A320,Delayd
549,3,103,102,2025-03-28 00:00:00,B737,On Time
550,1,101,106,2025-01-20 10:00:00,B737,On Time
551,1,106,101,2025-10-20 08:00:00,B737,Delayd
552,2,106,105,2025-11-02 21:00:00,A320,Delayed
553,4,103,104,2025-08-14 11:00:00,A320,Delayd
554,3,103,105,2025-03-29 21:00:00,B737,On Time
555,4,103,101,2025-05-13 16:00:00,ATR72,On Time
556,2,103,104,2025-05-31 10:00:00,A320,Delayd
557,4,102,106,2025-03-02 22:00:00,A320 ,On Time
558,4,102,106,2025-03-16 14:00:00,A320,Delayd
559,1,106,103,2025-01-12 22:00:00,A320,On Time
560,4,105,103,2025-01-07 10:00:00,A320 ,Delayed
561,1,106,101,2025-08-15 21:00:00,A320 ,Cancelled
562,4,102,104,2025-07-16 04:00:00,A320,Delayd
563,4,104,105,2025-10-16 03:00:00,A320,Delayed
564,4,101,105,2025-02-11 09:00:00,ATR72,Cancelled
565,4,106,103,2025-01-19 21:00:00,A320,Cancelled
566,1,105,103,2025-10-15 03:00:00,A320 ,Cancelled
567,2,106,102,2025-07-09 07:00:00,A320,Delayd
568,3,106,102,2025-08-26 13:00:00,A320 ,On Time
569,4,106,103,2025-01-30 00:00:00,A320 ,Delayed
570,2,102,101,2025-01-09 16:00:00,B737,Delayd
571,5,104,101,2025-08-08 15:00:00,ATR72,Delayd
572,1,105,104,2025-01-13 16:00:00,ATR72,On Time
573,4,103,101,2025-02-10 09:00:00,B737,Delayd
574,2,106,105,2025-09-10 23:00:00,B737,On Time
575,4,101,103,2025-08-12 05:00:00,A320,Delayd
576,2,105,101,2025-08-28 10:00:00,B737,On Time
577,3,102,101,2025-10-08 04:00:00,A320,Delayd
578,5,105,102,2025-01-22 20:00:00,A320,On Time
579,5,104,106,2025-03-17 07:00:00,A320,Delayed
580,4,104,103,2025-04-21 17:00:00,A320,Delayed
581,1,103,102,2025-07-22 11:00:00,B737,Cancelled
582,3,101,102,2025-02-18 06:00:00,A320 ,Delayed
583,5,106,103,2025-02-26 08:00:00,A320 ,Delayed
584,2,105,101,2025-02-04 03:00:00,A320 ,Delayed
585,1,101,105,2025-01-03 05:00:00,A320,Delayed
586,3,101,106,2025-05-23 02:00:00,A320 ,Delayed
587,3,102,103,2025-06-28 14:00:00,A320 ,Delayd
588,5,102,103,2025-08-25 03:00:00,A320,Delayed
589,5,106,104,2025-11-21 09:00:00,A320,Cancelled
590,1,103,105,2025-07-10 09:00:00,B737,Delayed
591,1,101,106,2025-07-31 07:00:00,ATR72,Delayed
592,3,104,102,2025-01-19 03:00:00,B737,On Time
593,4,102,105,2025-03-02 05:00:00,B737,On Time
594,3,101,104,2025-03-13 13:00:00,A320 ,Cancelled
595,4,103,106,2025-01-15 19:00:00,A320,On Time
596,2,105,102,2025-09-26 03:00:00,A320,Delayd
597,1,105,101,2025-11-02 13:00:00,B737,Delayd
598,3,105,106,2025-05-24 01:00:00,B737,Cancelled
599,3,102,101,2025-03-19 18:00:00,A320,Delayed
600,2,106,104,2025-05-09 05:00:00,B737,On Time
601,4,104,106,2025-01-19 14:00:00,A320 ,Delayed
602,4,102,106,2025-03-02 19:00:00,A320 ,Cancelled
603,2,102,105,2025-08-04 18:00:00,ATR72,Cancelled
604,2,102,104,2025-01-11 23:00:00,A320,Cancelled
605,4,102,101,2025-06-06 13:00:00,A320 ,Delayed
606,3,103,102,2025-07-26 01:00:00,B737,Delayed
607,2,105,106,2025-01-30 13:00:00,A320 ,Delayd
608,4,102,106,2025-10-13 17:00:00,A320 ,Cancelled
609,2,101,105,2025-03-26 15:00:00,ATR72,Delayd
610,5,105,102,2025-11-20 00:00:00,B737,On Time
611,1,104,101,2025-06-10 16:00:00,A320,Delayd
612,4,105,104,2025-10-04 10:00:00,A320,Delayd
613,1,104,102,2025-07-10 16:00:00,A320,Delayd
614,3,102,103,2025-04-12 00:00:00,B737,On Time
615,3,101,105,2025-02-25 06:00:00,A320 ,On Time
616,2,104,105,2025-10-26 10:00:00,A320 ,Delayed
617,1,103,105,2025-10-21 17:00:00,A320,Delayd
618,5,106,103,2025-01-12 04:00:00,ATR72,Delayd
619,5,103,106,2025-07-16 09:00:00,B737,On Time
620,1,105,103,2025-06-25 17:00:00,ATR72,On Time
621,3,101,105,2025-06-08 21:00:00,A320,Cancelled
622,5,103,102,2025-08-29 15:00:00,A320,Delayed
623,2,102,104,2025-07-04 05:00:00,A320,Delayd
624,2,106,105,2025-09-15 02:00:00,B737,Cancelled
625,5,103,104,2025-08-21 05:00:00,A320 ,Cancelled
626,3,101,102,2025-04-28 21:00:00,A320 ,Delayd
627,1,105,106,2025-06-10 12:00:00,ATR72,Delayd
628,1,105,103,2025-03-06 07:00:00,A320 ,On Time
629,2,101,105,2025-04-09 11:00:00,A320,On Time
630,1,102,104,2025-08-26 23:00:00,B737,Delayd
631,5,102,103,2025-11-22 00:00:00,A320,Cancelled
632,2,104,106,2025-06-11 19:00:00,ATR72,Delayd
633,3,104,101,2025-03-06 13:00:00,A320,On Time
634,3,102,106,2025-05-21 13:00:00,ATR72,Cancelled
635,5,104,106,2025-10-15 09:00:00,A320 ,Delayd
636,2,103,106,2025-11-03 15:00:00,ATR72,Delayed
637,4,103,102,2025-05-07 23:00:00,ATR72,On Time
638,3,102,104,2025-06-05 15:00:00,B737,Delayed
639,3,106,105,2025-03-04 06:00:00,B737,Delayed
640,1,102,103,2025-01-15 02:00:00,ATR72,Delayed
641,3,104,103,2025-03-05 00:00:00,B737,On Time
642,3,106,103,2025-02-20 12:00:00,ATR72,Delayd
643,5,105,102,2025-04-13 23:00:00,A320,On Time
644,2,104,105,2025-11-20 13:00:00,A320 ,Cancelled
645,5,102,101,2025-11-30 01:00:00,ATR72,Cancelled
646,5,104,103,2025-08-16 16:00:00,B737,Delayd
647,4,103,101,2025-11-04 07:00:00,A320,Delayed
648,1,106,105,2025-04-16 04:00:00,A320,Delayd
649,4,105,102,2025-05-03 00:00:00,A320,Cancelled
650,2,101,106,2025-07-19 04:00:00,B737,Cancelled
651,1,102,101,2025-07-03 19:00:00,A320 ,On Time
652,2,105,104,2025-06-17 10:00:00,ATR72,On Time
653,4,106,103,2025-02-20 12:00:00,A320 ,Cancelled
654,1,104,103,2025-04-08 04:00:00,ATR72,Cancelled
655,5,103,105,2025-01-30 22:00:00,B737,Delayd
656,4,106,104,2025-04-09 13:00:00,B737,Delayd
657,2,106,104,2025-10-13 05:00:00,A320,Delayed
658,4,102,104,2025-10-24 03:00:00,ATR72,On Time
659,1,105,104,2025-01-03 07:00:00,A320 ,Cancelled
660,5,104,102,2025-06-07 18:00:00,B737,Delayed
661,3,102,105,2025-07-09 02:00:00,A320 ,On Time
662,3,103,106,2025-06-18 16:00:00,A320 ,Delayed
663,2,101,102,2025-03-31 16:00:00,ATR72,Delayd
664,4,101,104,2025-03-03 06:00:00,A320 ,Delayed
665,3,101,102,2025-06-18 08:00:00,A320,Cancelled
666,5,105,104,2025-05-29 21:00:00,ATR72,Delayd
667,3,106,101,2025-06-24 23:00:00,A320,Cancelled
668,1,102,106,2025-02-19 22:00:00,ATR72,Delayd
669,3,106,102,2025-02-25 18:00:00,A320,Cancelled
670,3,103,105,2025-01-17 16:00:00,ATR72,Cancelled
671,5,105,101,2025-03-08 04:00:00,B737,On Time
672,5,105,102,2025-04-21 03:00:00,ATR72,Cancelled
673,1,103,104,2025-07-02 10:00:00,ATR72,Delayed
674,5,101,103,2025-04-07 02:00:00,ATR72,Delayd
675,2,104,103,2025-02-05 00:00:00,B737,Delayed
676,2,105,102,2025-09-29 10:00:00,A320,Delayd
677,1,104,101,2025-10-07 12:00:00,B737,On Time
678,3,104,103,2025-08-24 22:00:00,ATR72,Delayed
679,5,104,106,2025-09-18 16:00:00,ATR72,Delayed
680,1,106,103,2025-09-12 03:00:00,A320,Delayed
681,2,102,103,2025-04-15 23:00:00,B737,Delayed
682,4,102,101,2025-08-24 20:00:00,A320,On Time
683,4,101,105,2025-01-15 13:00:00,B737,On Time
684,5,101,106,2025-01-21 06:00:00,A320 ,On Time
685,1,103,101,2025-04-14 00:00:00,A320,On Time
686,2,101,106,2025-07-20 14:00:00,B737,Delayed
687,1,106,103,2025-02-01 00:00:00,B737,Cancelled
688,3,105,103,2025-02-24 20:00:00,B737,On Time
689,1,101,106,2025-06-30 13:00:00,B737,Delayed
690,5,103,102,2025-01-02 12:00:00,A320,Delayed
691,3,105,104,2025-08-27 08:00:00,B737,Delayd
692,2,106,101,2025-10-12 23:00:00,ATR72,Delayd
693,5,104,102,2025-03-19 17:00:00,A320 ,On Time
694,4,103,101,2025-02-07 16:00:00,B737,Delayd
695,5,103,104,2025-09-04 12:00:00,A320,On Time
696,1,103,105,2025-05-12 09:00:00,ATR72,Delayd
697,4,105,103,2025-03-19 03:00:00,A320 ,Cancelled
698,1,104,102,2025-11-02 10:00:00,A320 ,Cancelled
699,4,102,101,2025-08-18 10:00:00,A320,Delayd
700,1,104,106,2025-02-10 17:00:00,B737,Delayd
701,1,104,106,2025-09-11 02:00:00,B737,On Time
702,3,103,102,2025-03-10 09:00:00,A320 ,On Time
703,4,102,105,2025-04-06 02:00:00,ATR72,Delayd
704,5,103,105,2025-11-21 08:00:00,A320 ,Delayd
705,2,105,103,2025-09-20 04:00:00,A320 ,On Time
706,4,101,104,2025-06-19 18:00:00,B737,Delayed
707,1,101,102,2025-10-11 10:00:00,A320,Delayd
708,2,106,101,2025-05-11 15:00:00,ATR72,Delayed
709,5,103,106,2025-02-02 22:00:00,A320,Delayd
710,3,104,102,2025-08-15 00:00:00,A320 ,Delayd
711,5,105,103,2025-04-28 07:00:00,A320,On Time
712,4,104,101,2025-06-03 16:00:00,ATR72,Delayd
713,1,104,105,2025-01-12 06:00:00,B737,Cancelled
714,4,106,102,2025-05-28 01:00:00,B737,Cancelled
715,4,106,104,2025-09-18 19:00:00,A320,Delayd
716,5,106,105,2025-07-15 08:00:00,A320 ,Delayd
717,5,105,102,2025-01-20 01:00:00,A320 ,Cancelled
718,4,104,106,2025-07-30 14:00:00,ATR72,Cancelled
719,1,103,101,2025-07-21 14:00:00,A320,Delayed
720,5,103,104,2025-01-10 05:00:00,ATR72,Delayd
721,3,101,105,2025-05-03 00:00:00,A320 ,Cancelled
722,2,101,103,2025-03-22 03:00:00,ATR72,On Time
723,3,106,101,2025-02-09 02:00:00,ATR72,Delayed
724,3,101,106,2025-01-13 19:00:00,A320 ,Delayd
725,4,105,106,2025-04-02 01:00:00,A320,Delayd
726,3,105,101,2025-05-09 23:00:00,A320 ,Cancelled
727,4,105,101,2025-02-04 04:00:00,B737,Cancelled
728,3,104,106,2025-02-26 22:00:00,ATR72,Cancelled
729,4,104,102,2025-08-05 22:00:00,A320,Delayed
730,1,103,104,2025-04-12 12:00:00,A320 ,Delayed
731,5,105,101,2025-02-02 09:00:00,ATR72,Cancelled
732,5,101,106,2025-06-12 06:00:00,A320 ,Delayed
733,3,103,101,2025-06-22 07:00:00,ATR72,Delayd
734,3,106,105,2025-03-10 08:00:00,A320 ,Delayd
735,5,103,106,2025-06-04 17:00:00,B737,On Time
736,2,106,105,2025-07-16 22:00:00,A320 ,Delayed
737,3,106,104,2025-11-16 22:00:00,A320 ,On Time
738,3,105,102,2025-06-07 21:00:00,B737,Delayed
739,4,102,104,2025-05-21 01:00:00,ATR72,On Time
740,4,106,102,2025-04-02 03:00:00,ATR72,Delayed
741,2,103,106,2025-05-19 13:00:00,B737,On Time
742,1,102,103,2025-03-25 20:00:00,ATR72,Delayd
743,4,104,106,2025-05-25 02:00:00,A320,Delayed
744,2,102,104,2025-01-10 23:00:00,ATR72,Cancelled
745,2,106,105,2025-08-08 23:00:00,A320,Delayd
746,1,101,102,2025-04-18 04:00:00,ATR72,On Time
747,1,104,103,2025-05-16 12:00:00,B737,Delayed
748,5,101,106,2025-11-15 11:00:00,A320,Cancelled
749,2,104,101,2025-07-24 18:00:00,A320,Cancelled
750,4,103,106,2025-10-03 02:00:00,B737,Delayd
751,1,102,103,2025-03-01 19:00:00,B737,Cancelled
752,3,104,105,2025-10-22 13:00:00,A320,Delayd
753,1,105,103,2025-04-19 01:00:00,A320 ,Delayd
754,3,106,102,2025-10-28 05:00:00,B737,Cancelled
755,3,104,103,2025-01-08 05:00:00,A320,On Time
756,3,106,102,2025-07-08 16:00:00,A320 ,Cancelled
757,1,106,103,2025-07-02 14:00:00,B737,Delayd
758,4,104,101,2025-11-13 15:00:00,ATR72,Cancelled
759,3,101,103,2025-03-13 20:00:00,B737,Delayd
760,4,106,103,2025-09-27 11:00:00,A320,Cancelled
761,4,101,105,2025-09-09 14:00:00,A320 ,Cancelled
762,1,106,104,2025-10-09 10:00:00,B737,Cancelled
763,3,105,101,2025-05-24 16:00:00,ATR72,Delayd
764,1,106,101,2025-08-07 23:00:00,B737,Delayd
765,1,106,102,2025-05-17 19:00:00,B737,Cancelled
766,1,103,106,2025-02-07 20:00:00,B737,Delayed
767,5,105,102,2025-08-23 02:00:00,A320 ,Cancelled
768,2,104,105,2025-03-31 00:00:00,B737,Cancelled
769,1,103,102,2025-05-22 12:00:00,ATR72,Delayed
770,5,104,105,2025-03-18 15:00:00,A320,On Time
771,2,105,106,2025-11-06 13:00:00,A320,Delayd
772,2,102,104,2025-01-18 00:00:00,A320 ,Delayd
773,2,105,103,2025-01-31 10:00:00,ATR72,Delayed
774,1,105,101,2025-09-03 07:00:00,A320 ,Delayd
775,1,106,104,2025-03-18 15:00:00,B737,Delayed
776,4,103,104,2025-05-11 10:00:00,B737,Delayd
777,2,102,106,2025-10-09 07:00:00,ATR72,Delayed
778,4,104,102,2025-09-28 12:00:00,B737,On Time
779,2,103,104,2025-07-30 21:00:00,A320 ,Delayed
780,4,103,106,2025-01-30 07:00:00,A320,Delayd
781,4,102,104,2025-08-23 11:00:00,B737,Delayd
782,5,106,104,2025-03-29 12:00:00,A320,On Time
783,1,105,101,2025-04-24 15:00:00,B737,Delayd
784,5,103,106,2025-08-31 05:00:00,A320,On Time
785,5,103,106,2025-05-11 01:00:00,ATR72,Delayd
786,2,106,103,2025-11-27 11:00:00,A320,Delayed
787,5,103,102,2025-06-18 06:00:00,ATR72,Delayd
788,3,102,101,2025-08-31 11:00:00,A320 ,Delayed
789,3,103,101,2025-01-16 02:00:00,B737,Delayd
790,4,103,104,2025-04-07 14:00:00,ATR72,Cancelled
791,4,105,103,2025-11-01 17:00:00,B737,Cancelled
792,2,106,104,2025-07-09 17:00:00,A320 ,On Time
793,1,102,103,2025-03-20 12:00:00,B737,On Time
794,2,104,103,2025-08-30 00:00:00,A320 ,Delayd
795,1,101,105,2025-05-31 17:00:00,ATR72,Delayd
796,1,104,105,2025-10-16 18:00:00,B737,On Time
797,2,103,101,2025-10-24 09:00:00,ATR72,Delayed
798,3,102,106,2025-07-12 07:00:00,B737,On Time
799,2,105,106,2025-05-23 04:00:00,A320,Delayed
800,3,104,101,2025-01-09 21:00:00,ATR72,On Time
801,5,104,103,2025-11-14 04:00:00,A320,Cancelled
802,1,102,101,2025-06-07 03:00:00,A320 ,Delayd
803,5,106,103,2025-08-13 15:00:00,A320,Cancelled
804,4,101,106,2025-04-21 22:00:00,B737,Delayed
805,3,101,104,2025-09-30 11:00:00,A320,On Time
806,4,105,106,2025-02-01 15:00:00,A320 ,Cancelled
807,4,102,103,2025-01-31 11:00:00,A320,Delayed
808,4,102,105,2025-04-08 07:00:00,B737,On Time
809,4,103,105,2025-09-09 05:00:00,ATR72,Delayed
810,3,103,101,2025-06-25 00:00:00,B737,Delayd
811,4,104,105,2025-04-02 16:00:00,A320 ,On Time
812,5,104,103,2025-03-05 15:00:00,A320 ,Delayd
813,5,101,102,2025-04-27 16:00:00,A320 ,Delayed
814,4,106,102,2025-06-30 00:00:00,A320,Cancelled
815,1,104,105,2025-11-06 16:00:00,A320 ,Cancelled
816,3,102,103,2025-10-15 06:00:00,B737,Delayd
817,1,103,106,2025-07-08 02:00:00,A320,On Time
818,5,105,101,2025-05-26 01:00:00,A320 ,On Time
819,3,104,106,2025-05-02 08:00:00,ATR72,On Time
820,1,105,101,2025-09-10 19:00:00,A320 ,Delayed
821,1,102,105,2025-01-29 11:00:00,A320 ,Cancelled
822,4,103,106,2025-09-16 13:00:00,A320 ,Cancelled
823,2,103,102,2025-03-05 05:00:00,A320,Cancelled
824,4,106,101,2025-07-02 10:00:00,A320,On Time
825,1,104,101,2025-02-28 15:00:00,A320 ,Delayd
826,5,106,104,2025-09-05 19:00:00,A320 ,Cancelled
827,3,105,106,2025-08-24 18:00:00,A320 ,Cancelled
828,2,101,103,2025-01-05 18:00:00,B737,On Time
829,1,101,103,2025-03-13 11:00:00,A320 ,Delayed
830,4,106,102,2025-10-15 11:00:00,B737,On Time
831,2,103,105,2025-06-11 19:00:00,A320 ,On Time
832,2,101,103,2025-09-10 05:00:00,A320 ,Delayd
833,4,104,101,2025-07-19 19:00:00,B737,Delayed
834,4,103,106,2025-01-18 10:00:00,ATR72,On Time
835,4,101,105,2025-10-17 16:00:00,A320 ,Cancelled
836,4,101,105,2025-06-15 23:00:00,A320 ,Delayed
837,5,106,101,2025-01-07 12:00:00,A320 ,Cancelled
838,3,105,101,2025-11-01 19:00:00,A320 ,Delayd
839,5,101,105,2025-11-17 12:00:00,ATR72,Delayd
840,1,106,104,2025-02-25 02:00:00,ATR72,Delayed
841,4,104,103,2025-03-21 06:00:00,B737,Cancelled
842,2,105,104,2025-10-29 11:00:00,ATR72,Delayd
843,4,104,103,2025-10-01 00:00:00,B737,Delayed
844,4,103,101,2025-02-14 02:00:00,B737,Delayed
845,4,102,106,2025-02-04 11:00:00,A320 ,Delayd
846,2,103,102,2025-07-10 02:00:00,A320,On Time
847,3,103,104,2025-08-20 02:00:00,B737,Delayed
848,1,105,101,2025-04-26 07:00:00,A320 ,On Time
849,1,105,102,2025-07-11 20:00:00,B737,Delayd
850,3,103,104,2025-09-20 15:00:00,A320,Cancelled
851,5,102,106,2025-08-17 13:00:00,A320,On Time
852,1,104,105,2025-11-29 17:00:00,A320,On Time
853,5,105,101,2025-02-06 00:00:00,B737,On Time
854,2,102,104,2025-09-06 15:00:00,ATR72,Delayd
855,1,105,104,2025-02-22 16:00:00,ATR72,Cancelled
856,2,102,101,2025-05-30 22:00:00,A320 ,On Time
857,3,102,105,2025-04-08 22:00:00,B737,On Time
858,4,103,104,2025-05-04 03:00:00,B737,Delayed
859,2,105,104,2025-02-17 03:00:00,A320 ,Delayd
860,5,104,105,2025-09-29 06:00:00,ATR72,On Time
861,1,104,102,2025-09-02 23:00:00,A320,On Time
862,4,103,104,2025-09-21 16:00:00,B737,Delayd
863,1,101,105,2025-08-14 09:00:00,B737,On Time
864,3,106,105,2025-05-24 03:00:00,A320 ,Cancelled
865,3,106,103,2025-01-03 17:00:00,ATR72,Delayed
866,4,106,104,2025-08-08 19:00:00,B737,Delayd
867,4,106,103,2025-09-22 17:00:00,B737,Cancelled
868,5,101,102,2025-04-25 05:00:00,A320 ,Delayed
869,3,105,106,2025-03-14 23:00:00,A320,Cancelled
870,2,105,103,2025-01-09 00:00:00,A320,Cancelled
871,4,102,104,2025-06-22 12:00:00,A320,On Time
872,5,103,104,2025-05-02 00:00:00,A320,On Time
873,4,106,101,2025-04-12 17:00:00,A320,Delayd
874,5,103,102,2025-07-13 02:00:00,B737,Cancelled
875,5,103,104,2025-08-18 13:00:00,B737,Delayd
876,1,105,102,2025-04-22 22:00:00,B737,Cancelled
877,2,104,101,2025-08-31 22:00:00,A320 ,Delayd
878,1,101,102,2025-05-26 01:00:00,B737,Delayd
879,1,102,105,2025-05-07 02:00:00,A320 ,Delayd
880,4,103,106,2025-08-06 06:00:00,A320 ,Delayd
881,4,106,104,2025-10-09 05:00:00,B737,Delayed
882,4,105,102,2025-08-31 18:00:00,A320 ,Delayed
883,5,106,105,2025-02-10 08:00:00,B737,Delayd
884,2,104,101,2025-11-19 06:00:00,ATR72,On Time
885,1,105,104,2025-02-11 07:00:00,ATR72,Cancelled
886,2,101,106,2025-02-10 05:00:00,ATR72,Cancelled
887,3,103,104,2025-06-15 21:00:00,A320,Delayed
888,4,102,106,2025-01-17 15:00:00,ATR72,Cancelled
889,4,102,103,2025-01-01 18:00:00,A320,Cancelled
890,4,101,102,2025-06-14 06:00:00,ATR72,Delayd
891,4,103,105,2025-10-12 20:00:00,B737,Delayed
892,4,105,104,2025-08-16 18:00:00,A320 ,Delayed
893,1,106,103,2025-10-01 01:00:00,A320 ,Delayd
894,3,102,105,2025-07-04 16:00:00,A320,Delayd
895,1,106,103,2025-10-23 14:00:00,B737,On Time
896,5,105,103,2025-08-09 06:00:00,A320,On Time
897,5,102,106,2025-07-16 22:00:00,A320,Delayed
898,1,104,106,2025-02-11 02:00:00,B737,On Time
899,2,103,102,2025-10-11 05:00:00,A320 ,On Time
900,3,105,106,2025-05-18 04:00:00,A320,Delayd
901,4,101,104,2025-03-03 15:00:00,A320 ,On Time
902,4,105,103,2025-03-29 19:00:00,A320,On Time
903,2,101,106,2025-04-08 10:00:00,B737,Delayed
904,2,103,101,2025-04-15 18:00:00,A320 ,Delayed
905,3,101,106,2025-03-03 23:00:00,A320,On Time
906,1,103,105,2025-04-20 06:00:00,B737,Delayd
907,4,103,104,2025-11-18 10:00:00,A320,On Time
908,5,102,103,2025-07-20 01:00:00,B737,Delayd
909,4,105,106,2025-11-21 02:00:00,A320,Cancelled
910,4,101,104,2025-07-08 20:00:00,A320 ,On Time
911,4,104,101,2025-08-05 06:00:00,B737,On Time
912,5,103,106,2025-08-19 11:00:00,A320,Delayed
913,3,105,102,2025-07-14 00:00:00,A320 ,Delayd
914,2,101,106,2025-09-25 06:00:00,B737,Cancelled
915,2,105,102,2025-07-03 12:00:00,A320 ,Delayd
916,4,101,102,2025-11-25 02:00:00,ATR72,Delayed
917,4,101,102,2025-04-04 07:00:00,ATR72,Delayd
918,5,103,102,2025-10-14 23:00:00,ATR72,On Time
919,5,102,106,2025-01-24 21:00:00,ATR72,On Time
920,2,104,101,2025-09-05 12:00:00,ATR72,Delayd
921,5,102,106,2025-11-23 20:00:00,ATR72,Cancelled
922,4,106,103,2025-04-04 05:00:00,B737,Cancelled
923,4,103,102,2025-11-24 09:00:00,ATR72,On Time
924,1,106,102,2025-07-27 20:00:00,A320 ,On Time
925,4,101,103,2025-07-09 18:00:00,A320 ,Delayd
926,1,105,101,2025-07-03 21:00:00,A320,Delayd
927,3,106,101,2025-11-28 19:00:00,A320 ,Cancelled
928,1,104,102,2025-02-12 15:00:00,A320 ,Cancelled
929,1,102,105,2025-03-17 15:00:00,A320,Cancelled
930,2,106,103,2025-01-31 18:00:00,ATR72,Delayed
931,3,102,105,2025-01-13 14:00:00,ATR72,Delayd
932,2,106,105,2025-01-03 11:00:00,B737,Delayd
933,5,101,104,2025-06-20 19:00:00,A320 ,Delayed
934,5,105,102,2025-08-18 11:00:00,B737,On Time
935,1,105,102,2025-02-13 12:00:00,ATR72,Delayed
936,2,105,103,2025-10-17 09:00:00,A320,Cancelled
937,4,106,105,2025-01-01 17:00:00,A320 ,On Time
938,4,103,105,2025-04-04 13:00:00,A320,Delayd
939,5,104,103,2025-09-17 02:00:00,A320,Delayed
940,4,101,104,2025-07-01 18:00:00,A320 ,Cancelled
941,2,101,105,2025-04-25 06:00:00,A320,On Time
942,4,106,102,2025-11-23 23:00:00,A320,Delayed
943,3,102,103,2025-04-17 03:00:00,A320,On Time
944,4,101,105,2025-10-03 20:00:00,A320,Cancelled
945,1,103,102,2025-06-11 16:00:00,B737,Cancelled
946,5,101,104,2025-09-29 02:00:00,B737,On Time
947,4,105,106,2025-09-18 20:00:00,A320,Delayd
948,1,105,101,2025-11-29 16:00:00,A320,On Time
949,1,104,103,2025-09-25 04:00:00,B737,On Time
950,3,104,101,2025-07-28 12:00:00,A320 ,On Time
951,5,101,102,2025-01-18 20:00:00,ATR72,Delayd
952,5,104,101,2025-09-14 17:00:00,A320 ,Delayed
953,1,105,106,2025-06-04 19:00:00,A320 ,Delayd
954,5,104,106,2025-02-04 14:00:00,ATR72,On Time
955,3,104,106,2025-07-20 16:00:00,B737,On Time
956,5,101,102,2025-09-01 12:00:00,A320,Delayed
957,5,105,102,2025-03-29 12:00:00,ATR72,Delayd
958,4,104,106,2025-03-05 12:00:00,B737,Delayed
959,2,101,102,2025-04-17 10:00:00,A320 ,Cancelled
960,5,103,106,2025-09-22 17:00:00,B737,Delayed
961,5,104,103,2025-04-28 02:00:00,ATR72,Cancelled
962,5,101,106,2025-08-13 12:00:00,B737,On Time
963,5,102,106,2025-10-21 03:00:00,A320,Delayd
964,2,103,102,2025-08-07 16:00:00,B737,On Time
965,4,103,102,2025-08-26 04:00:00,A320 ,Cancelled
966,3,105,106,2025-07-30 08:00:00,ATR72,Delayd
967,1,103,102,2025-06-05 02:00:00,A320,Delayd
968,2,102,101,2025-08-25 15:00:00,B737,Delayd
969,2,105,102,2025-06-14 03:00:00,ATR72,Delayd
970,2,102,105,2025-10-10 00:00:00,A320,Cancelled
971,3,101,102,2025-01-11 06:00:00,A320,Delayed
972,2,103,105,2025-08-04 12:00:00,ATR72,On Time
973,2,101,103,2025-04-08 00:00:00,B737,Delayed
974,3,103,102,2025-10-17 08:00:00,B737,Delayed
975,2,102,101,2025-10-15 17:00:00,ATR72,On Time
976,4,101,103,2025-08-12 13:00:00,A320,Cancelled
977,4,102,104,2025-03-24 00:00:00,ATR72,Cancelled
978,5,106,102,2025-09-30 18:00:00,A320 ,On Time
979,2,101,103,2025-09-29 08:00:00,B737,Delayed
980,3,105,104,2025-04-19 13:00:00,A320 ,Delayed
981,5,101,106,2025-03-06 14:00:00,ATR72,Delayed
982,1,103,102,2025-08-03 21:00:00,ATR72,Delayed
983,4,105,106,2025-03-13 11:00:00,A320,Delayd
984,1,106,105,2025-02-27 04:00:00,A320 ,Cancelled
985,4,104,106,2025-03-03 03:00:00,ATR72,Cancelled
986,4,105,104,2025-06-11 18:00:00,ATR72,Delayd
987,1,106,105,2025-03-12 18:00:00,B737,Delayed
988,4,104,102,2025-03-16 15:00:00,ATR72,Delayd
989,2,104,106,2025-11-16 08:00:00,ATR72,Cancelled
990,2,105,101,2025-09-14 14:00:00,A320,Cancelled
991,3,104,106,2025-03-20 14:00:00,A320,Delayd
992,3,105,106,2025-05-26 11:00:00,A320 ,Delayd
993,3,104,105,2025-10-02 15:00:00,A320 ,Cancelled
994,1,103,105,2025-03-03 08:00:00,A320 ,Delayed
995,3,103,101,2025-11-04 17:00:00,A320,Cancelled
996,5,105,106,2025-08-08 17:00:00,A320,Cancelled
997,1,102,101,2025-01-25 09:00:00,ATR72,On Time
998,3,105,102,2025-03-09 03:00:00,ATR72,Cancelled
999,2,103,104,2025-08-29 21:00:00,B737,Cancelled
1000,3,101,104,2025-10-08 17:00:00,ATR72,Delayd
1001,1,104,106,2025-06-11 03:00:00,B737,Delayd
1002,2,102,103,2025-06-11 23:00:00,B737,Delayd
1003,3,106,104,2025-09-28 08:00:00,A320,Cancelled
1004,4,102,105,2025-03-13 13:00:00,A320 ,Delayd
1005,3,105,101,2025-02-17 11:00:00,B737,Cancelled
1006,4,106,101,2025-10-04 15:00:00,ATR72,Cancelled
1007,4,102,105,2025-08-23 02:00:00,A320 ,Cancelled
1008,1,103,106,2025-07-13 18:00:00,A320,Delayed
1009,5,102,104,2025-08-04 00:00:00,A320 ,Delayd
1010,1,102,105,2025-07-02 11:00:00,A320 ,Delayed
1011,3,104,101,2025-07-14 10:00:00,A320 ,Cancelled
1012,1,101,103,2025-08-19 09:00:00,B737,On Time
1013,4,106,105,2025-01-10 04:00:00,B737,Delayed
1014,3,101,105,2025-03-12 07:00:00,B737,Cancelled
1015,1,106,105,2025-06-05 05:00:00,A320,Cancelled
1016,2,105,101,2025-04-22 13:00:00,A320 ,Delayd
1017,2,102,101,2025-07-03 03:00:00,A320 ,Delayd
1018,4,106,101,2025-11-23 01:00:00,B737,Delayed
1019,4,102,104,2025-10-07 05:00:00,A320 ,Delayed
1020,3,105,106,2025-07-20 13:00:00,B737,Delayd
1021,1,103,102,2025-02-18 17:00:00,A320 ,On Time
1022,2,104,106,2025-06-29 12:00:00,ATR72,Delayd
1023,5,104,105,2025-01-14 09:00:00,A320,Cancelled
1024,3,106,104,2025-08-28 01:00:00,ATR72,Delayd
1025,4,105,102,2025-03-27 01:00:00,B737,Delayd
1026,2,104,105,2025-08-27 11:00:00,A320,Delayd
1027,2,106,101,2025-10-30 07:00:00,B737,Cancelled
1028,3,106,105,2025-08-16 14:00:00,A320,Delayed
1029,5,104,105,2025-02-11 10:00:00,ATR72,On Time
1030,3,101,106,2025-05-21 00:00:00,A320 ,Delayed
1031,5,103,102,2025-01-16 06:00:00,A320 ,On Time
1032,4,101,105,2025-04-28 08:00:00,A320 ,Delayed
1033,1,104,101,2025-03-27 13:00:00,A320,Delayed
1034,4,103,105,2025-06-07 12:00:00,A320,On Time
1035,4,105,102,2025-02-17 21:00:00,A320 ,Cancelled
1036,1,102,103,2025-07-27 05:00:00,A320,Delayed
1037,5,103,101,2025-09-11 02:00:00,A320 ,Delayed
1038,3,101,102,2025-02-22 10:00:00,A320 ,Cancelled
1039,1,102,103,2025-11-01 17:00:00,B737,Delayd
1040,5,106,101,2025-08-07 20:00:00,A320,Delayd
1041,4,106,103,2025-01-18 22:00:00,A320,On Time
1042,2,104,102,2025-05-08 22:00:00,B737,Delayed
1043,4,101,102,2025-01-10 13:00:00,A320,Cancelled
1044,2,102,101,2025-11-24 07:00:00,A320,Delayed
1045,1,106,102,2025-05-22 22:00:00,A320,Cancelled
1046,2,103,106,2025-08-02 06:00:00,B737,Delayd
1047,2,104,101,2025-03-15 00:00:00,A320,Cancelled
1048,1,103,102,2025-05-18 07:00:00,ATR72,On Time
1049,4,104,102,2025-03-17 04:00:00,A320,Cancelled
1050,3,106,105,2025-01-16 00:00:00,A320,Delayed
1051,5,104,103,2025-06-20 13:00:00,A320,Delayed
1052,5,103,101,2025-04-21 18:00:00,A320 ,Delayed
1053,3,103,102,2025-10-18 16:00:00,A320 ,On Time
1054,5,103,101,2025-11-08 08:00:00,A320 ,Delayd
1055,5,105,102,2025-07-20 13:00:00,A320,Delayed
1056,1,101,106,2025-04-16 11:00:00,B737,Delayd
1057,1,102,106,2025-01-21 11:00:00,B737,Cancelled
1058,2,104,103,2025-02-21 19:00:00,A320 ,Delayed
1059,2,106,101,2025-11-12 05:00:00,A320 ,Cancelled
1060,3,102,104,2025-08-08 17:00:00,A320,Delayd
1061,1,106,103,2025-03-20 05:00:00,ATR72,Cancelled
1062,5,102,103,2025-01-19 11:00:00,B737,Delayed
1063,5,105,104,2025-04-20 19:00:00,B737,Delayd
1064,1,106,101,2025-10-24 22:00:00,A320 ,On Time
1065,2,102,101,2025-11-17 07:00:00,B737,Delayed
1066,5,101,103,2025-07-07 09:00:00,B737,Delayed
1067,4,105,101,2025-09-05 12:00:00,A320 ,Cancelled
1068,2,102,103,2025-05-25 18:00:00,B737,Delayed
1069,5,103,104,2025-06-03 01:00:00,B737,Cancelled
1070,3,104,101,2025-05-16 23:00:00,A320 ,Delayed
1071,4,104,105,2025-06-22 12:00:00,A320 ,Delayed
1072,4,104,101,2025-05-26 22:00:00,A320,Cancelled
1073,2,105,106,2025-07-08 17:00:00,B737,Cancelled
1074,3,104,105,2025-06-04 20:00:00,ATR72,Delayd
1075,4,105,106,2025-01-25 14:00:00,ATR72,Delayed
1076,2,106,104,2025-02-22 20:00:00,B737,On Time
1077,3,101,106,2025-06-17 18:00:00,A320 ,Delayd
1078,4,104,103,2025-06-17 03:00:00,ATR72,On Time
1079,1,104,101,2025-05-12 09:00:00,B737,Delayed
1080,3,104,103,2025-06-23 23:00:00,A320 ,Cancelled
1081,4,106,101,2025-11-13 07:00:00,A320 ,Delayed
1082,1,102,105,2025-11-11 13:00:00,ATR72,On Time
1083,3,106,102,2025-07-26 16:00:00,A320 ,Delayed
1084,5,103,102,2025-07-17 10:00:00,B737,On Time
1085,4,101,102,2025-05-16 18:00:00,A320,Delayed
1086,4,104,102,2025-03-28 08:00:00,ATR72,Delayd
1087,4,105,103,2025-09-14 21:00:00,A320,On Time
1088,3,106,105,2025-10-05 23:00:00,B737,Cancelled
1089,4,106,102,2025-08-27 15:00:00,ATR72,On Time
1090,1,102,105,2025-02-03 02:00:00,A320,Delayd
1091,3,105,104,2025-09-08 06:00:00,A320 ,Delayed
1092,2,102,104,2025-08-29 08:00:00,B737,Delayed
1093,5,104,102,2025-11-20 18:00:00,A320,Delayd
1094,2,105,102,2025-03-10 15:00:00,A320,Delayed
1095,4,102,104,2025-05-31 11:00:00,A320,Delayed
1096,1,101,104,2025-05-09 23:00:00,A320,Cancelled
1097,1,101,104,2025-07-19 22:00:00,B737,Delayd
1098,1,104,101,2025-01-21 21:00:00,ATR72,On Time
1099,1,106,105,2025-02-03 02:00:00,B737,On Time
1100,5,104,106,2025-11-25 10:00:00,ATR72,Delayd
1101,5,104,103,2025-05-27 15:00:00,ATR72,Cancelled
1102,3,106,103,2025-10-06 20:00:00,B737,Cancelled
1103,4,106,104,2025-07-28 12:00:00,A320,Cancelled
1104,1,103,101,2025-06-06 00:00:00,A320 ,Delayed
1105,1,101,106,2025-10-24 15:00:00,ATR72,Delayed
1106,5,103,105,2025-08-23 06:00:00,A320 ,Delayd
1107,1,106,102,2025-08-06 20:00:00,ATR72,On Time
1108,1,106,103,2025-11-27 23:00:00,ATR72,Delayd
1109,4,102,106,2025-05-17 15:00:00,A320,Cancelled
1110,1,104,105,2025-09-08 16:00:00,A320 ,Cancelled
1111,2,105,102,2025-10-24 22:00:00,A320,Delayed
1112,3,104,101,2025-10-12 03:00:00,A320 ,Delayed
1113,4,104,101,2025-08-15 05:00:00,B737,Delayed
1114,1,102,103,2025-02-06 01:00:00,A320 ,On Time
1115,4,102,104,2025-09-19 14:00:00,ATR72,Delayed
1116,4,106,103,2025-11-21 19:00:00,A320,Delayed
1117,1,105,104,2025-09-29 14:00:00,ATR72,Delayed
1118,1,105,106,2025-08-08 20:00:00,ATR72,Delayd
1119,5,106,104,2025-11-26 20:00:00,A320 ,Delayed
1120,1,102,104,2025-04-10 08:00:00,A320,On Time
1121,5,101,104,2025-11-16 22:00:00,B737,On Time
1122,2,105,103,2025-10-19 07:00:00,ATR72,Delayd
1123,3,105,101,2025-01-22 03:00:00,B737,Delayd
1124,3,104,103,2025-09-30 06:00:00,B737,Delayed
1125,1,101,105,2025-07-03 18:00:00,A320 ,Cancelled
1126,2,102,104,2025-06-20 15:00:00,A320 ,Delayed
1127,2,105,103,2025-09-13 00:00:00,A320,Cancelled
1128,1,103,106,2025-04-04 09:00:00,A320 ,Delayed
1129,4,104,103,2025-01-21 02:00:00,ATR72,Delayed
1130,2,106,102,2025-08-28 02:00:00,A320,Delayed
1131,3,104,105,2025-10-06 05:00:00,B737,On Time
1132,3,105,104,2025-05-25 05:00:00,A320 ,Cancelled
1133,1,104,105,2025-06-30 05:00:00,ATR72,Cancelled
1134,5,106,102,2025-05-15 10:00:00,A320,Delayed
1135,1,103,106,2025-10-18 02:00:00,ATR72,Delayd
1136,5,106,102,2025-02-16 23:00:00,A320 ,Delayd
1137,2,103,102,2025-03-16 11:00:00,B737,On Time
1138,1,103,106,2025-08-20 13:00:00,B737,Delayd
1139,1,104,102,2025-02-02 19:00:00,ATR72,Delayd
1140,1,102,101,2025-06-25 23:00:00,ATR72,Delayd
1141,2,102,105,2025-01-12 15:00:00,A320,Delayed
1142,3,104,105,2025-08-23 20:00:00,B737,Delayd
1143,4,106,101,2025-10-23 06:00:00,A320 ,Cancelled
1144,3,106,104,2025-01-05 00:00:00,A320,On Time
1145,4,101,102,2025-08-07 23:00:00,B737,On Time
1146,5,105,106,2025-06-13 17:00:00,ATR72,On Time
1147,4,105,102,2025-06-15 07:00:00,A320 ,Cancelled
1148,1,105,102,2025-04-22 01:00:00,A320,Delayed
1149,4,104,101,2025-07-09 20:00:00,A320 ,On Time
1150,5,105,106,2025-09-01 16:00:00,A320,Delayed
1151,2,106,101,2025-10-22 06:00:00,B737,On Time
1152,3,105,104,2025-02-12 00:00:00,A320,Delayed
1153,2,105,102,2025-01-31 00:00:00,ATR72,On Time
1154,5,101,102,2025-04-12 22:00:00,ATR72,Delayed
1155,2,104,101,2025-04-13 15:00:00,A320,Cancelled
1156,4,106,105,2025-02-17 18:00:00,A320 ,Cancelled
1157,5,105,103,2025-07-03 18:00:00,B737,On Time
1158,2,106,101,2025-01-13 13:00:00,B737,Delayed
1159,2,103,102,2025-07-25 13:00:00,B737,Cancelled
1160,5,103,102,2025-05-25 02:00:00,A320,Cancelled
1161,2,103,105,2025-05-17 14:00:00,A320 ,On Time
1162,2,103,105,2025-07-02 23:00:00,B737,On Time
1163,2,106,103,2025-09-01 21:00:00,ATR72,Delayed
1164,3,104,102,2025-09-26 22:00:00,A320 ,Delayd
1165,2,101,106,2025-01-27 12:00:00,ATR72,On Time
1166,5,105,101,2025-05-19 21:00:00,A320,Cancelled
1167,3,106,101,2025-11-07 09:00:00,ATR72,Cancelled
1168,3,102,103,2025-01-04 09:00:00,A320,Delayd
1169,1,102,105,2025-09-25 05:00:00,A320,Delayed
1170,5,105,103,2025-10-08 09:00:00,A320 ,On Time
1171,5,105,103,2025-10-23 10:00:00,ATR72,Cancelled
1172,1,105,101,2025-02-28 07:00:00,ATR72,Delayd
1173,5,102,104,2025-07-08 08:00:00,A320 ,Delayd
1174,3,105,102,2025-01-04 06:00:00,B737,Delayed
1175,5,102,105,2025-09-09 01:00:00,ATR72,On Time
1176,2,106,103,2025-08-20 12:00:00,A320 ,Delayd
1177,3,102,105,2025-09-30 14:00:00,A320 ,Cancelled
1178,5,103,105,2025-11-18 11:00:00,B737,Cancelled
1179,3,106,101,2025-05-19 19:00:00,ATR72,On Time
1180,1,106,101,2025-09-07 04:00:00,B737,On Time
1181,1,102,106,2025-01-29 21:00:00,ATR72,Delayd
1182,5,101,105,2025-11-15 07:00:00,B737,Delayd
1183,5,104,106,2025-08-27 06:00:00,A320,Delayd
1184,2,101,106,2025-11-07 22:00:00,A320,Delayd
1185,3,106,105,2025-03-25 09:00:00,A320,Delayd
1186,2,102,106,2025-03-01 17:00:00,A320,Cancelled
1187,3,102,106,2025-11-22 03:00:00,A320,Delayd
1188,2,104,105,2025-05-08 10:00:00,A320,Cancelled
1189,5,106,102,2025-10-18 10:00:00,A320,Cancelled
1190,3,103,105,2025-04-01 09:00:00,B737,On Time
1191,4,106,105,2025-03-16 06:00:00,ATR72,On Time
1192,4,104,106,2025-01-20 16:00:00,ATR72,On Time
1193,3,105,104,2025-04-12 21:00:00,ATR72,On Time
1194,2,101,104,2025-05-18 06:00:00,ATR72,On Time
1195,4,101,105,2025-03-09 11:00:00,A320,Delayed
1196,4,104,101,2025-01-03 09:00:00,B737,Cancelled
1197,4,102,105,2025-05-08 19:00:00,ATR72,Cancelled
1198,5,104,102,2025-10-05 01:00:00,ATR72,On Time
1199,2,104,105,2025-02-17 18:00:00,ATR72,Delayd
1200,2,101,104,2025-02-07 19:00:00,B737,Cancelled
1201,4,101,103,2025-05-24 18:00:00,ATR72,On Time
1202,4,102,103,2025-11-24 14:00:00,ATR72,On Time
1203,5,104,105,2025-06-19 04:00:00,B737,Cancelled
1204,4,104,106,2025-02-14 21:00:00,A320,On Time
1205,2,101,103,2025-04-28 12:00:00,A320,Delayed
1206,4,101,104,2025-11-30 07:00:00,A320,Delayd
1207,3,104,103,2025-06-15 21:00:00,A320,Delayd
1208,2,102,106,2025-09-06 23:00:00,B737,Delayed
1209,3,103,101,2025-08-28 07:00:00,B737,Delayd
1210,1,102,105,2025-08-28 08:00:00,B737,Delayed
1211,2,105,102,2025-02-11 03:00:00,B737,Delayd
1212,2,101,104,2025-11-14 04:00:00,B737,Delayd
1213,2,101,106,2025-02-01 01:00:00,A320,Delayd
1214,3,104,106,2025-08-28 00:00:00,B737,Delayed
1215,4,103,105,2025-01-21 23:00:00,A320 ,On Time
1216,3,103,101,2025-05-05 03:00:00,ATR72,Cancelled
1217,2,106,104,2025-04-20 05:00:00,A320,Delayed
1218,1,101,102,2025-08-14 11:00:00,ATR72,Delayed
1219,3,103,105,2025-11-07 03:00:00,A320,Delayd
1220,4,102,104,2025-05-05 03:00:00,ATR72,Cancelled
1221,1,101,102,2025-08-22 03:00:00,B737,Cancelled
1222,5,103,104,2025-06-30 13:00:00,ATR72,Delayed
1223,2,106,103,2025-07-19 11:00:00,A320 ,On Time
1224,5,101,103,2025-02-11 02:00:00,A320,Delayed
1225,1,102,105,2025-01-26 14:00:00,ATR72,Cancelled
1226,2,106,104,2025-07-02 03:00:00,B737,On Time
1227,4,102,103,2025-07-07 22:00:00,ATR72,Cancelled
1228,1,103,105,2025-11-07 22:00:00,A320 ,On Time
1229,5,104,105,2025-11-14 22:00:00,A320,Delayed
1230,2,105,103,2025-04-09 21:00:00,A320,On Time
1231,4,106,102,2025-06-19 00:00:00,A320,Delayed
1232,4,104,106,2025-07-12 00:00:00,A320 ,Delayd
1233,2,105,103,2025-03-04 20:00:00,A320,Delayed
1234,5,105,102,2025-08-26 20:00:00,A320,Delayd
1235,3,105,106,2025-04-14 14:00:00,B737,Cancelled
1236,5,106,103,2025-02-10 16:00:00,B737,Delayed
1237,2,101,106,2025-04-10 15:00:00,A320,Delayed
1238,3,103,102,2025-10-26 03:00:00,A320,Delayed
1239,1,102,106,2025-01-01 12:00:00,ATR72,Cancelled
1240,5,103,101,2025-04-01 04:00:00,B737,Delayd
1241,3,105,103,2025-01-20 14:00:00,A320,Cancelled
1242,2,102,104,2025-03-29 10:00:00,A320,On Time
1243,3,106,104,2025-10-25 00:00:00,B737,Delayd
1244,3,102,104,2025-03-11 15:00:00,A320 ,Delayed
1245,4,104,102,2025-05-06 20:00:00,B737,Delayd
1246,2,101,105,2025-06-06 20:00:00,B737,Delayed
1247,4,102,106,2025-11-19 00:00:00,B737,Cancelled
1248,2,101,104,2025-10-30 04:00:00,B737,Delayd
1249,2,106,105,2025-01-24 17:00:00,B737,On Time
1250,4,104,102,2025-11-07 08:00:00,A320 ,On Time
1251,2,106,105,2025-09-06 02:00:00,A320,On Time
1252,1,104,105,2025-02-07 14:00:00,A320,On Time
1253,1,102,103,2025-04-02 09:00:00,B737,On Time
1254,5,101,102,2025-09-09 07:00:00,ATR72,On Time
1255,4,102,103,2025-09-17 08:00:00,A320 ,Delayed
1256,4,103,104,2025-02-22 18:00:00,B737,On Time
1257,5,105,103,2025-02-12 01:00:00,A320,On Time
1258,3,101,106,2025-02-05 01:00:00,A320 ,Delayed
1259,1,101,103,2025-03-19 09:00:00,A320 ,Delayd
1260,3,102,104,2025-03-19 03:00:00,A320 ,On Time
1261,1,104,102,2025-03-18 16:00:00,A320,Cancelled
1262,5,103,101,2025-04-24 22:00:00,A320,Cancelled
1263,5,101,102,2025-02-21 14:00:00,B737,Delayd
1264,5,105,103,2025-03-03 22:00:00,A320 ,Delayed
1265,5,106,103,2025-10-07 02:00:00,ATR72,Cancelled
1266,4,101,104,2025-08-14 21:00:00,ATR72,Cancelled
1267,1,106,101,2025-10-22 04:00:00,B737,Delayed
1268,4,103,102,2025-06-02 12:00:00,A320 ,On Time
1269,4,101,106,2025-11-24 13:00:00,ATR72,Delayed
1270,2,101,104,2025-03-04 02:00:00,A320 ,Cancelled
1271,4,103,105,2025-06-14 07:00:00,A320 ,Cancelled
1272,4,102,103,2025-05-23 22:00:00,A320 ,Delayd
1273,2,105,106,2025-05-12 07:00:00,A320,Delayd
1274,2,105,106,2025-08-29 00:00:00,A320,Delayed
1275,2,103,101,2025-10-18 09:00:00,A320,Cancelled
1276,2,105,104,2025-11-11 09:00:00,A320,On Time
1277,2,103,104,2025-04-11 15:00:00,A320 ,Delayed
1278,2,105,104,2025-03-13 23:00:00,B737,On Time
1279,1,106,102,2025-11-25 10:00:00,B737,Delayd
1280,4,106,101,2025-05-07 21:00:00,A320,On Time
1281,1,106,105,2025-06-12 19:00:00,B737,On Time
1282,2,102,104,2025-01-28 00:00:00,B737,On Time
1283,4,101,106,2025-02-21 03:00:00,B737,Delayd
1284,5,106,102,2025-08-27 11:00:00,ATR72,Delayd
1285,4,104,103,2025-09-24 18:00:00,A320,Cancelled
1286,1,101,103,2025-10-28 19:00:00,A320,Delayed
1287,1,105,102,2025-05-16 08:00:00,A320 ,Delayd
1288,5,105,103,2025-06-21 08:00:00,ATR72,Delayed
1289,3,104,102,2025-11-29 04:00:00,A320,Delayd
1290,4,102,103,2025-07-31 08:00:00,A320,Delayed
1291,5,104,102,2025-07-26 13:00:00,A320,Delayd
1292,4,104,103,2025-10-10 09:00:00,A320 ,Delayed
1293,4,101,104,2025-03-08 12:00:00,ATR72,On Time
1294,3,101,102,2025-07-25 22:00:00,ATR72,On Time
1295,2,102,104,2025-07-04 21:00:00,A320,On Time
1296,1,102,106,2025-09-16 06:00:00,ATR72,Delayed
1297,1,105,102,2025-03-24 01:00:00,ATR72,On Time
1298,1,105,106,2025-07-12 11:00:00,A320 ,On Time
1299,1,101,104,2025-11-19 02:00:00,ATR72,On Time
1300,4,103,104,2025-06-20 18:00:00,B737,Cancelled
1301,2,104,103,2025-08-28 21:00:00,A320,Cancelled
1302,1,104,106,2025-06-21 10:00:00,B737,On Time
1303,4,105,104,2025-07-20 04:00:00,A320,Cancelled
1304,4,102,103,2025-01-27 22:00:00,A320,Delayed
1305,2,102,103,2025-11-25 23:00:00,ATR72,Delayd
1306,3,102,104,2025-05-04 00:00:00,A320 ,On Time
1307,2,106,104,2025-03-13 07:00:00,A320,Delayed
1308,1,105,104,2025-10-02 17:00:00,A320,Delayed
1309,1,103,106,2025-06-20 08:00:00,A320,Delayd
1310,3,103,102,2025-02-25 03:00:00,A320,Cancelled
1311,3,105,103,2025-01-31 11:00:00,A320,Delayed
1312,3,106,104,2025-06-11 13:00:00,ATR72,Delayd
1313,1,106,102,2025-11-28 17:00:00,A320 ,On Time
1314,4,103,104,2025-05-20 15:00:00,B737,Delayd
1315,5,103,106,2025-11-22 00:00:00,ATR72,Cancelled
1316,5,101,105,2025-06-03 16:00:00,ATR72,On Time
1317,2,105,101,2025-08-27 21:00:00,A320,Delayed
1318,4,101,104,2025-02-24 01:00:00,A320 ,On Time
1319,4,102,105,2025-08-17 10:00:00,A320,Cancelled
1320,5,104,105,2025-11-04 06:00:00,A320 ,On Time
1321,1,101,103,2025-11-10 04:00:00,A320 ,Delayd
1322,3,102,105,2025-01-23 01:00:00,ATR72,Cancelled
1323,2,105,104,2025-08-28 18:00:00,A320 ,On Time
1324,1,103,105,2025-07-06 02:00:00,B737,Delayd
1325,3,102,103,2025-07-13 23:00:00,A320,Delayd
1326,4,101,104,2025-06-11 15:00:00,B737,On Time
1327,4,102,101,2025-04-03 03:00:00,ATR72,Delayed
1328,1,101,103,2025-04-04 12:00:00,A320 ,On Time
1329,4,103,105,2025-06-29 03:00:00,B737,Cancelled
1330,1,102,101,2025-11-02 12:00:00,A320 ,Cancelled
1331,2,103,102,2025-04-30 06:00:00,A320 ,Delayd
1332,2,104,106,2025-11-26 15:00:00,A320 ,Cancelled
1333,4,106,105,2025-10-08 23:00:00,A320,Delayed
1334,5,101,106,2025-02-19 09:00:00,ATR72,Cancelled
1335,4,101,103,2025-11-15 18:00:00,B737,Delayd
1336,4,103,101,2025-03-31 17:00:00,A320,Delayd
1337,5,102,105,2025-02-03 07:00:00,A320,Delayed
1338,4,106,102,2025-08-26 18:00:00,B737,Delayd
1339,2,102,104,2025-11-22 02:00:00,B737,On Time
1340,1,103,104,2025-04-14 02:00:00,ATR72,On Time
1341,4,106,104,2025-05-22 08:00:00,A320 ,Cancelled
1342,4,103,106,2025-06-28 14:00:00,ATR72,On Time
1343,4,102,105,2025-05-08 09:00:00,B737,Delayed
1344,4,105,104,2025-04-08 07:00:00,A320 ,Cancelled
1345,1,106,105,2025-01-30 22:00:00,A320,On Time
1346,5,106,101,2025-11-15 08:00:00,A320 ,On Time
1347,5,104,106,2025-02-04 01:00:00,A320 ,On Time
1348,4,106,103,2025-03-14 08:00:00,B737,Delayd
1349,1,105,104,2025-03-08 19:00:00,A320 ,On Time
1350,4,103,105,2025-11-06 23:00:00,A320 ,On Time
1351,5,103,102,2025-04-07 20:00:00,ATR72,Cancelled
1352,2,103,105,2025-01-02 11:00:00,A320 ,On Time
1353,2,101,102,2025-09-27 20:00:00,ATR72,Cancelled
1354,5,103,102,2025-05-27 19:00:00,B737,Delayd
1355,4,102,106,2025-10-10 20:00:00,A320,Delayd
1356,2,102,105,2025-05-18 15:00:00,ATR72,Delayed
1357,1,104,102,2025-08-31 09:00:00,B737,On Time
1358,4,106,105,2025-10-15 19:00:00,ATR72,Delayed
1359,1,103,102,2025-02-01 21:00:00,A320,Delayd
1360,2,101,106,2025-01-10 12:00:00,A320,Delayd
1361,4,101,103,2025-08-05 14:00:00,ATR72,Delayed
1362,3,102,103,2025-03-08 04:00:00,B737,Delayd
1363,3,103,101,2025-01-29 08:00:00,B737,On Time
1364,1,106,105,2025-02-07 21:00:00,A320 ,On Time
1365,3,101,103,2025-03-31 11:00:00,B737,On Time
1366,3,101,105,2025-11-08 13:00:00,B737,Delayd
1367,1,101,105,2025-05-22 06:00:00,A320,Delayd
1368,2,106,101,2025-08-23 15:00:00,A320 ,Delayd
1369,2,103,105,2025-03-03 09:00:00,ATR72,On Time
1370,5,102,106,2025-10-19 19:00:00,A320,On Time
1371,4,103,104,2025-07-29 14:00:00,A320,Delayed
1372,1,105,103,2025-03-07 20:00:00,A320,On Time
1373,2,105,106,2025-03-15 20:00:00,ATR72,On Time
1374,3,102,101,2025-02-17 08:00:00,B737,On Time
1375,3,106,102,2025-04-04 10:00:00,A320 ,Delayed
1376,5,101,104,2025-08-11 13:00:00,ATR72,Delayd
1377,4,106,104,2025-06-25 00:00:00,A320 ,Delayed
1378,2,103,102,2025-08-23 13:00:00,ATR72,Delayd
1379,5,101,106,2025-04-17 09:00:00,B737,Delayed
1380,4,106,104,2025-10-29 09:00:00,A320 ,Delayd
1381,3,105,103,2025-08-01 15:00:00,A320,Delayd
1382,5,104,102,2025-05-01 12:00:00,ATR72,On Time
1383,1,104,102,2025-11-24 01:00:00,ATR72,Delayd
1384,5,103,106,2025-05-01 06:00:00,A320 ,On Time
1385,3,101,103,2025-05-27 14:00:00,B737,Cancelled
1386,2,102,101,2025-08-13 06:00:00,ATR72,Cancelled
1387,1,102,104,2025-01-04 07:00:00,ATR72,On Time
1388,2,106,103,2025-06-08 21:00:00,ATR72,Delayed
1389,4,105,101,2025-04-07 20:00:00,B737,Delayed
1390,3,101,106,2025-09-02 12:00:00,A320,Delayd
1391,3,106,104,2025-10-05 16:00:00,ATR72,Delayed
1392,4,102,101,2025-06-20 05:00:00,A320,Cancelled
1393,1,104,101,2025-06-04 14:00:00,B737,Cancelled
1394,2,105,104,2025-07-16 18:00:00,A320,Cancelled
1395,1,101,106,2025-11-08 05:00:00,A320 ,Cancelled
1396,1,102,105,2025-11-02 19:00:00,A320,Cancelled
1397,1,106,101,2025-06-10 10:00:00,A320,Delayd
1398,3,106,103,2025-04-19 07:00:00,ATR72,Delayd
1399,3,101,106,2025-06-18 14:00:00,A320,Delayd
1400,4,103,105,2025-10-17 17:00:00,A320,Cancelled
1401,1,105,101,2025-03-18 12:00:00,A320,On Time
1402,3,102,101,2025-10-22 01:00:00,A320 ,Delayed
1403,2,102,101,2025-09-05 04:00:00,ATR72,On Time
1404,3,106,101,2025-10-29 13:00:00,A320,On Time
1405,1,101,104,2025-04-01 01:00:00,ATR72,Delayd
1406,2,103,102,2025-07-19 04:00:00,A320 ,On Time
1407,2,102,104,2025-09-15 01:00:00,A320 ,Delayd
1408,5,106,101,2025-06-30 03:00:00,B737,Delayd
1409,3,106,104,2025-04-20 22:00:00,A320 ,Delayed
1410,3,101,104,2025-08-31 20:00:00,A320,Cancelled
1411,2,105,102,2025-08-26 06:00:00,A320,On Time
1412,2,104,101,2025-01-05 12:00:00,B737,Delayd
1413,4,104,102,2025-02-05 17:00:00,ATR72,Delayed
1414,5,105,106,2025-10-21 01:00:00,ATR72,Cancelled
1415,2,106,104,2025-10-17 10:00:00,A320,Delayed
1416,4,102,104,2025-11-29 20:00:00,A320 ,Delayed
1417,1,104,102,2025-04-05 21:00:00,A320 ,Delayed
1418,5,106,103,2025-08-10 08:00:00,A320,Delayed
1419,1,104,101,2025-03-24 03:00:00,A320,Delayd
1420,1,102,104,2025-06-12 14:00:00,A320 ,Cancelled
1421,5,103,101,2025-01-29 17:00:00,ATR72,Delayd
1422,4,102,103,2025-06-21 10:00:00,A320 ,Cancelled
1423,3,101,105,2025-05-07 06:00:00,A320,On Time
1424,4,106,104,2025-03-08 05:00:00,ATR72,Delayed
1425,5,104,102,2025-04-05 05:00:00,A320 ,Delayd
1426,2,101,102,2025-11-24 08:00:00,A320,Delayed
1427,1,101,102,2025-07-16 09:00:00,ATR72,Delayed
1428,1,101,106,2025-04-05 01:00:00,B737,Delayd
1429,1,104,105,2025-03-17 02:00:00,ATR72,Delayd
1430,2,102,103,2025-04-29 16:00:00,ATR72,Cancelled
1431,1,106,101,2025-03-05 05:00:00,A320 ,Cancelled
1432,2,106,102,2025-04-18 14:00:00,A320,Delayed
1433,4,102,104,2025-02-18 10:00:00,A320,Delayd
1434,1,104,103,2025-03-02 15:00:00,ATR72,On Time
1435,5,102,101,2025-05-01 05:00:00,A320 ,On Time
1436,4,104,102,2025-02-07 09:00:00,A320,On Time
1437,2,105,103,2025-06-29 08:00:00,B737,Delayed
1438,3,101,102,2025-10-02 10:00:00,ATR72,Delayd
1439,5,104,103,2025-03-29 21:00:00,A320 ,Cancelled
1440,1,103,105,2025-10-10 13:00:00,ATR72,Cancelled
1441,5,106,103,2025-09-22 09:00:00,A320 ,On Time
1442,1,103,106,2025-02-20 12:00:00,A320 ,Delayed
1443,3,106,102,2025-06-19 23:00:00,A320,Delayed
1444,3,105,104,2025-03-12 11:00:00,A320,Delayed
1445,3,104,101,2025-10-27 10:00:00,A320 ,Delayed
1446,3,103,104,2025-05-14 12:00:00,A320 ,Cancelled
1447,1,103,102,2025-07-17 20:00:00,ATR72,On Time
1448,5,104,105,2025-11-27 12:00:00,ATR72,Cancelled
1449,4,101,102,2025-11-13 12:00:00,B737,Delayd
1450,5,106,102,2025-11-26 23:00:00,ATR72,Delayed
1451,3,103,105,2025-01-23 02:00:00,ATR72,On Time
1452,2,104,101,2025-04-07 15:00:00,A320,On Time
1453,1,104,103,2025-05-27 22:00:00,ATR72,On Time
1454,2,101,104,2025-04-30 13:00:00,ATR72,Delayed
1455,2,101,104,2025-09-08 06:00:00,B737,Delayd
1456,3,105,101,2025-03-16 17:00:00,A320,Delayd
1457,4,103,102,2025-05-25 06:00:00,A320 ,On Time
1458,5,103,104,2025-04-17 02:00:00,B737,Delayd
1459,5,106,103,2025-02-17 13:00:00,B737,Cancelled
1460,5,102,105,2025-03-10 03:00:00,ATR72,Cancelled
1461,5,101,104,2025-11-13 11:00:00,A320 ,Delayed
1462,1,104,105,2025-02-17 08:00:00,A320 ,Cancelled
1463,4,105,103,2025-05-01 22:00:00,A320 ,Delayd
1464,4,104,105,2025-01-10 11:00:00,A320,Delayd
1465,5,101,103,2025-11-06 13:00:00,ATR72,Delayed
1466,3,105,106,2025-02-13 11:00:00,ATR72,On Time
1467,4,104,102,2025-08-17 18:00:00,A320,Delayd
1468,1,105,104,2025-01-29 22:00:00,A320,Cancelled
1469,3,106,101,2025-07-22 21:00:00,A320,Cancelled
1470,3,105,104,2025-10-23 01:00:00,A320,On Time
1471,5,106,105,2025-09-10 09:00:00,A320,Delayed
1472,5,105,102,2025-09-10 18:00:00,A320 ,Delayed
1473,3,102,103,2025-08-03 11:00:00,ATR72,On Time
1474,2,104,106,2025-02-09 04:00:00,A320,On Time
1475,1,102,106,2025-06-27 11:00:00,A320,Delayed
1476,4,102,101,2025-01-09 10:00:00,A320 ,Delayd
1477,3,101,102,2025-05-19 03:00:00,A320 ,Delayed
1478,3,102,106,2025-10-08 12:00:00,A320 ,On Time
1479,1,104,102,2025-03-05 02:00:00,B737,Delayed
1480,5,102,106,2025-03-10 10:00:00,A320 ,Delayd
1481,1,103,104,2025-11-24 09:00:00,A320 ,Cancelled
1482,4,106,103,2025-05-12 17:00:00,A320,Delayd
1483,2,104,105,2025-01-10 14:00:00,ATR72,Delayd
1484,4,101,106,2025-01-04 19:00:00,ATR72,On Time
1485,4,106,105,2025-01-15 14:00:00,ATR72,Delayed
1486,3,104,105,2025-01-04 03:00:00,B737,Cancelled
1487,2,105,106,2025-04-30 02:00:00,A320 ,On Time
1488,3,102,103,2025-08-12 22:00:00,ATR72,Delayd
1489,3,106,102,2025-09-25 23:00:00,ATR72,Delayd
1490,4,101,105,2025-11-25 14:00:00,A320 ,Delayed
1491,5,105,106,2025-03-30 12:00:00,B737,Cancelled
1492,3,105,106,2025-07-19 13:00:00,A320 ,On Time
1493,2,101,102,2025-03-21 03:00:00,A320,On Time
1494,3,104,105,2025-09-17 10:00:00,B737,Delayed
1495,4,101,103,2025-09-16 00:00:00,A320 ,On Time
1496,3,101,106,2025-02-09 02:00:00,A320,On Time
1497,5,104,103,2025-08-04 12:00:00,A320,Delayed
1498,4,103,101,2025-05-09 22:00:00,B737,Delayed
1499,4,102,104,2025-05-30 09:00:00,ATR72,Delayed
1500,4,102,103,2025-10-05 19:00:00,B737,On Time
1501,1,105,101,2025-03-11 12:00:00,A320,Delayed
1502,4,101,104,2025-07-14 00:00:00,A320,Cancelled
1503,4,102,106,2025-03-06 22:00:00,B737,Delayd
1504,3,105,103,2025-07-31 03:00:00,B737,On Time
1505,4,104,105,2025-10-26 08:00:00,A320,On Time
1506,3,102,106,2025-02-04 11:00:00,A320,Delayd
1507,5,102,101,2025-07-04 13:00:00,ATR72,On Time
1508,3,102,104,2025-05-14 07:00:00,ATR72,On Time
1509,1,102,104,2025-07-02 10:00:00,B737,Cancelled
1510,1,104,106,2025-07-06 09:00:00,A320,Delayd
1511,1,103,101,2025-04-26 10:00:00,A320 ,Cancelled
1512,1,102,104,2025-02-17 14:00:00,B737,Cancelled
1513,2,106,101,2025-06-18 12:00:00,A320,On Time
1514,4,103,101,2025-07-24 05:00:00,A320,Delayd
1515,1,102,104,2025-02-05 13:00:00,A320,Delayd
1516,3,105,102,2025-05-28 07:00:00,A320 ,Cancelled
1517,1,102,101,2025-01-10 00:00:00,B737,Delayd
1518,5,106,101,2025-06-14 14:00:00,A320,Delayd
1519,4,104,102,2025-08-28 10:00:00,A320 ,Delayed
1520,1,101,105,2025-11-03 06:00:00,ATR72,Cancelled
1521,4,102,104,2025-11-10 09:00:00,A320,Delayed
1522,5,102,101,2025-01-04 11:00:00,B737,Delayd
1523,5,106,105,2025-01-16 16:00:00,A320,Delayed
1524,1,101,102,2025-02-13 07:00:00,A320 ,Delayed
1525,3,103,101,2025-04-30 09:00:00,B737,Cancelled
1526,4,102,106,2025-06-13 10:00:00,A320,On Time
1527,5,101,104,2025-03-12 07:00:00,A320 ,Cancelled
1528,3,102,105,2025-11-18 09:00:00,ATR72,Cancelled
1529,5,106,102,2025-11-01 20:00:00,ATR72,Cancelled
1530,5,106,105,2025-02-05 16:00:00,A320,Cancelled
1531,4,104,106,2025-04-06 12:00:00,A320,Delayed
1532,2,102,106,2025-04-15 03:00:00,B737,On Time
1533,1,103,102,2025-03-22 06:00:00,A320 ,Delayd
1534,4,101,102,2025-10-13 12:00:00,A320,Cancelled
1535,4,103,106,2025-04-13 13:00:00,A320,On Time
1536,4,103,106,2025-06-19 02:00:00,A320,Delayd
1537,1,104,105,2025-03-18 15:00:00,B737,Delayd
1538,5,102,105,2025-01-18 21:00:00,ATR72,On Time
1539,1,105,103,2025-11-07 16:00:00,ATR72,Cancelled
1540,1,105,102,2025-04-27 10:00:00,A320 ,Delayd
1541,1,106,101,2025-07-08 21:00:00,A320 ,Cancelled
1542,4,105,104,2025-07-15 11:00:00,ATR72,Delayed
1543,2,104,105,2025-02-15 01:00:00,A320,Cancelled
1544,1,106,103,2025-03-27 08:00:00,ATR72,Cancelled
1545,1,105,104,2025-07-30 03:00:00,ATR72,Cancelled
1546,5,103,104,2025-01-05 06:00:00,A320,Cancelled
1547,3,105,103,2025-10-17 08:00:00,B737,Delayd
1548,4,104,101,2025-01-04 01:00:00,A320 ,On Time
1549,5,103,105,2025-03-16 09:00:00,A320 ,On Time
1550,3,105,101,2025-11-03 05:00:00,ATR72,On Time
1551,3,104,102,2025-09-19 11:00:00,ATR72,Cancelled
1552,2,104,102,2025-08-04 04:00:00,B737,Delayed
1553,2,105,101,2025-02-09 02:00:00,A320,Delayed
1554,4,106,105,2025-07-17 23:00:00,ATR72,On Time
1555,1,105,102,2025-11-21 21:00:00,ATR72,Cancelled
1556,5,101,104,2025-09-03 05:00:00,A320,Delayed
1557,1,103,101,2025-06-23 01:00:00,A320 ,On Time
1558,2,105,101,2025-03-11 16:00:00,ATR72,Cancelled
1559,1,106,104,2025-08-08 03:00:00,A320 ,Cancelled
1560,3,102,101,2025-07-27 05:00:00,ATR72,Cancelled
1561,4,104,103,2025-11-18 17:00:00,ATR72,On Time
1562,1,102,104,2025-04-10 07:00:00,B737,On Time
1563,2,101,106,2025-10-03 20:00:00,ATR72,Cancelled
1564,5,102,105,2025-01-12 04:00:00,B737,Delayd
1565,1,106,101,2025-11-24 06:00:00,B737,Delayd
1566,5,105,101,2025-09-30 11:00:00,A320,Delayd
1567,5,106,105,2025-05-31 13:00:00,ATR72,Cancelled
1568,3,102,106,2025-11-08 00:00:00,B737,Cancelled
1569,2,102,104,2025-06-05 15:00:00,ATR72,On Time
1570,4,106,102,2025-09-08 04:00:00,A320 ,Cancelled
1571,5,101,104,2025-06-22 15:00:00,A320,Cancelled
1572,5,106,104,2025-03-20 16:00:00,A320 ,Delayd
1573,2,102,106,2025-11-13 00:00:00,B737,Delayd
1574,2,106,105,2025-07-26 17:00:00,ATR72,Cancelled
1575,1,103,104,2025-01-28 20:00:00,A320 ,Delayd
1576,5,105,102,2025-06-18 17:00:00,B737,Delayed
1577,2,104,101,2025-02-11 06:00:00,A320 ,Cancelled
1578,1,105,104,2025-02-13 04:00:00,A320,Delayd
1579,1,101,103,2025-02-15 05:00:00,A320 ,Delayd
1580,4,103,102,2025-08-26 22:00:00,B737,Cancelled
1581,3,101,104,2025-07-21 22:00:00,A320,On Time
1582,4,101,104,2025-11-07 21:00:00,A320 ,Delayd
1583,3,106,104,2025-09-16 15:00:00,A320 ,Delayed
1584,5,106,102,2025-11-09 19:00:00,A320,Delayed
1585,5,101,106,2025-05-07 07:00:00,A320 ,Delayd
1586,2,103,105,2025-06-23 16:00:00,ATR72,On Time
1587,4,102,104,2025-04-27 11:00:00,A320,Delayd
1588,4,103,104,2025-04-19 18:00:00,B737,Delayed
1589,4,101,103,2025-06-27 05:00:00,ATR72,Cancelled
1590,3,101,104,2025-02-26 13:00:00,A320,Cancelled
1591,4,103,105,2025-03-18 09:00:00,B737,Cancelled
1592,1,103,106,2025-11-12 14:00:00,B737,Cancelled
1593,2,102,101,2025-07-08 12:00:00,B737,On Time
1594,5,105,101,2025-07-03 15:00:00,B737,On Time
1595,3,104,101,2025-03-11 09:00:00,ATR72,Delayd
1596,5,106,104,2025-02-13 02:00:00,A320 ,Cancelled
1597,4,101,102,2025-10-31 10:00:00,A320 ,Delayd
1598,2,103,101,2025-04-06 02:00:00,A320,Cancelled
1599,1,101,103,2025-04-22 16:00:00,B737,Cancelled
1600,5,103,105,2025-08-18 10:00:00,A320,Cancelled
1601,1,101,105,2025-11-15 06:00:00,ATR72,Delayed
1602,1,105,101,2025-03-25 23:00:00,B737,Delayd
1603,3,102,103,2025-06-10 12:00:00,B737,Delayd
1604,3,102,105,2025-02-15 00:00:00,B737,On Time
1605,1,105,102,2025-05-29 06:00:00,A320,Delayd
1606,2,105,106,2025-08-31 09:00:00,B737,On Time
1607,5,104,103,2025-05-10 20:00:00,B737,Cancelled
1608,2,104,106,2025-10-27 16:00:00,ATR72,Delayed
1609,4,103,105,2025-09-29 23:00:00,A320 ,Cancelled
1610,3,105,104,2025-02-02 23:00:00,B737,On Time
1611,4,103,105,2025-04-22 02:00:00,B737,Delayd
1612,4,101,103,2025-11-23 11:00:00,ATR72,On Time
1613,2,103,105,2025-09-22 03:00:00,A320 ,Delayd
1614,2,105,104,2025-01-10 22:00:00,ATR72,Cancelled
1615,4,105,102,2025-01-21 19:00:00,ATR72,Cancelled
1616,4,106,103,2025-05-14 15:00:00,A320 ,Delayd
1617,1,104,103,2025-04-02 15:00:00,A320 ,Delayed
1618,3,103,101,2025-06-02 20:00:00,A320 ,Delayed
1619,5,105,102,2025-03-12 10:00:00,A320,Cancelled
1620,5,102,106,2025-01-07 20:00:00,A320,Delayd
1621,3,101,104,2025-09-19 18:00:00,A320,On Time
1622,3,105,102,2025-07-02 19:00:00,B737,Delayed
1623,2,105,104,2025-04-10 02:00:00,B737,Cancelled
1624,2,103,105,2025-07-08 18:00:00,B737,On Time
1625,5,101,102,2025-02-05 00:00:00,A320 ,Delayd
1626,3,101,103,2025-04-13 22:00:00,A320,Delayed
1627,1,106,102,2025-04-04 00:00:00,A320,Delayd
1628,2,106,104,2025-10-07 08:00:00,ATR72,On Time
1629,5,101,102,2025-09-04 12:00:00,A320 ,On Time
1630,5,101,106,2025-11-10 17:00:00,B737,On Time
1631,4,106,105,2025-03-08 08:00:00,ATR72,Cancelled
1632,1,104,106,2025-04-14 04:00:00,ATR72,Delayd
1633,3,102,101,2025-11-27 21:00:00,A320 ,Delayd
1634,1,103,105,2025-03-17 21:00:00,A320 ,Cancelled
1635,5,104,103,2025-06-22 23:00:00,B737,Delayd
1636,4,101,105,2025-11-21 19:00:00,ATR72,On Time
1637,5,104,102,2025-11-29 21:00:00,A320,Delayd
1638,3,102,105,2025-06-12 18:00:00,A320,Cancelled
1639,1,103,102,2025-02-02 14:00:00,B737,Delayed
1640,2,104,106,2025-01-29 16:00:00,B737,Delayd
1641,5,105,104,2025-09-04 20:00:00,B737,On Time
1642,4,104,103,2025-04-17 08:00:00,ATR72,Delayed
1643,5,101,104,2025-07-24 09:00:00,A320 ,On Time
1644,5,103,102,2025-09-29 07:00:00,A320 ,Delayd
1645,3,103,102,2025-06-07 12:00:00,A320 ,On Time
1646,1,101,105,2025-05-09 06:00:00,B737,On Time
1647,1,102,106,2025-02-26 18:00:00,B737,Delayd
1648,4,101,102,2025-06-19 01:00:00,B737,Delayd
1649,4,102,106,2025-05-17 08:00:00,A320,Cancelled
1650,3,101,105,2025-09-03 18:00:00,ATR72,Cancelled
1651,5,105,103,2025-08-10 23:00:00,B737,Delayed
1652,2,103,106,2025-10-02 01:00:00,ATR72,Cancelled
1653,2,104,105,2025-11-16 14:00:00,ATR72,Delayed
1654,4,102,106,2025-01-04 09:00:00,ATR72,Delayd
1655,4,102,103,2025-01-23 22:00:00,A320,Cancelled
1656,2,106,102,2025-08-25 22:00:00,A320,Delayd
1657,1,103,101,2025-08-02 08:00:00,A320 ,Delayed
1658,5,101,104,2025-10-29 13:00:00,B737,Cancelled
1659,2,106,101,2025-04-04 18:00:00,ATR72,Delayd
1660,3,105,103,2025-08-02 04:00:00,A320 ,Cancelled
1661,2,105,106,2025-01-27 11:00:00,B737,On Time
1662,3,106,102,2025-03-02 21:00:00,ATR72,On Time
1663,5,102,106,2025-08-09 03:00:00,A320 ,Cancelled
1664,5,105,106,2025-04-05 16:00:00,A320 ,Delayed
1665,2,102,101,2025-03-15 22:00:00,A320,Delayed
1666,4,102,103,2025-10-26 13:00:00,A320,Cancelled
1667,2,101,102,2025-06-24 16:00:00,A320 ,Delayd
1668,3,106,104,2025-04-14 07:00:00,A320,Delayed
1669,4,105,104,2025-09-22 04:00:00,A320 ,Delayd
1670,5,103,104,2025-04-19 05:00:00,A320,Delayed
1671,2,102,104,2025-10-14 17:00:00,A320 ,Delayd
1672,1,104,103,2025-07-10 11:00:00,A320 ,Cancelled
1673,3,102,101,2025-10-20 00:00:00,A320 ,Cancelled
1674,2,106,104,2025-07-30 15:00:00,B737,Delayd
1675,1,103,102,2025-03-08 21:00:00,A320 ,Cancelled
1676,1,105,102,2025-07-20 03:00:00,ATR72,Cancelled
1677,3,101,104,2025-06-21 15:00:00,A320,Cancelled
1678,4,101,104,2025-05-16 23:00:00,A320,Cancelled
1679,5,103,101,2025-10-09 01:00:00,A320,Delayd
1680,4,105,104,2025-03-01 08:00:00,A320 ,On Time
1681,1,101,104,2025-07-29 06:00:00,B737,Delayed
1682,4,102,101,2025-10-12 17:00:00,A320,On Time
1683,3,104,101,2025-02-03 07:00:00,ATR72,Delayed
1684,1,106,105,2025-04-24 14:00:00,ATR72,Delayed
1685,5,105,103,2025-01-05 21:00:00,A320 ,Delayd
1686,1,106,101,2025-03-07 21:00:00,B737,Cancelled
1687,4,101,103,2025-01-16 05:00:00,ATR72,Delayed
1688,4,106,105,2025-03-01 01:00:00,A320,Cancelled
1689,3,103,106,2025-02-10 05:00:00,ATR72,Delayd
1690,5,105,101,2025-11-14 13:00:00,A320 ,On Time
1691,2,101,102,2025-09-07 01:00:00,A320,Delayed
1692,1,103,106,2025-09-19 17:00:00,B737,On Time
1693,4,102,104,2025-01-28 18:00:00,B737,Cancelled
1694,2,106,102,2025-04-17 00:00:00,A320,Delayd
1695,2,106,103,2025-04-06 06:00:00,B737,Cancelled
1696,2,104,102,2025-04-04 03:00:00,B737,Delayed
1697,4,103,104,2025-04-01 08:00:00,A320,Delayd
1698,3,103,106,2025-04-30 02:00:00,A320 ,Delayed
1699,4,101,106,2025-02-23 04:00:00,B737,Delayd
1700,2,103,104,2025-04-27 20:00:00,ATR72,On Time
1701,3,105,102,2025-03-16 12:00:00,A320 ,Cancelled
1702,5,101,102,2025-08-13 18:00:00,B737,Delayd
1703,5,102,105,2025-04-21 06:00:00,ATR72,Delayd
1704,1,106,105,2025-04-21 01:00:00,A320,Cancelled
1705,4,101,103,2025-06-12 08:00:00,ATR72,Cancelled
1706,2,106,101,2025-11-08 17:00:00,ATR72,Cancelled
1707,5,102,105,2025-03-05 14:00:00,A320,Delayd
1708,5,105,104,2025-07-16 15:00:00,A320 ,Delayd
1709,3,104,102,2025-09-04 22:00:00,ATR72,Cancelled
1710,3,104,105,2025-01-14 17:00:00,B737,On Time
1711,3,104,105,2025-11-22 16:00:00,A320 ,On Time
1712,2,102,106,2025-11-11 20:00:00,ATR72,Delayed
1713,2,105,102,2025-08-15 11:00:00,ATR72,On Time
1714,2,101,104,2025-10-01 14:00:00,ATR72,Delayd
1715,4,104,102,2025-01-01 07:00:00,B737,Delayed
1716,3,102,104,2025-01-28 11:00:00,B737,Delayed
1717,1,102,105,2025-09-05 05:00:00,B737,Delayed
1718,3,106,105,2025-01-02 17:00:00,A320 ,Delayed
1719,4,103,101,2025-07-07 17:00:00,A320 ,Delayed
1720,4,104,105,2025-08-30 02:00:00,B737,On Time
1721,3,104,102,2025-09-18 11:00:00,B737,Delayd
1722,4,103,104,2025-07-23 19:00:00,A320 ,On Time
1723,5,103,105,2025-01-10 05:00:00,B737,Delayed
1724,3,102,104,2025-04-27 01:00:00,A320,Delayd
1725,2,101,103,2025-06-20 16:00:00,B737,On Time
1726,4,102,104,2025-02-01 17:00:00,ATR72,Delayd
1727,4,106,102,2025-02-21 11:00:00,ATR72,Cancelled
1728,1,104,105,2025-03-31 03:00:00,A320 ,Delayed
1729,5,102,105,2025-10-12 19:00:00,A320,Delayd
1730,1,101,104,2025-08-12 21:00:00,A320 ,On Time
1731,2,102,104,2025-07-16 04:00:00,A320 ,Delayd
1732,4,101,105,2025-05-25 05:00:00,A320,Cancelled
1733,1,104,103,2025-07-26 01:00:00,A320 ,Cancelled
1734,5,104,103,2025-11-28 17:00:00,ATR72,On Time
1735,5,102,105,2025-09-17 07:00:00,A320 ,On Time
1736,3,102,101,2025-11-20 16:00:00,ATR72,Delayed
1737,4,105,106,2025-05-29 11:00:00,A320,Delayd
1738,1,103,101,2025-10-24 06:00:00,A320 ,Delayd
1739,5,103,101,2025-08-23 07:00:00,ATR72,Cancelled
1740,3,104,103,2025-09-19 18:00:00,A320,Cancelled
1741,3,102,104,2025-05-23 09:00:00,A320,Delayd
1742,1,103,104,2025-07-23 09:00:00,A320,Cancelled
1743,5,106,101,2025-09-10 04:00:00,A320 ,Delayed
1744,5,102,101,2025-02-02 07:00:00,B737,Delayed
1745,4,106,104,2025-11-01 18:00:00,ATR72,Cancelled
1746,2,104,106,2025-11-10 15:00:00,A320 ,On Time
1747,3,101,104,2025-01-14 02:00:00,B737,On Time
1748,1,104,106,2025-04-26 08:00:00,ATR72,Delayd
1749,2,104,101,2025-11-21 10:00:00,ATR72,On Time
1750,2,104,101,2025-07-14 21:00:00,ATR72,Cancelled
1751,5,105,106,2025-10-19 14:00:00,B737,On Time
1752,4,103,106,2025-03-15 11:00:00,A320 ,Cancelled
1753,3,106,102,2025-06-21 05:00:00,A320,Delayd
1754,3,102,104,2025-01-02 18:00:00,A320 ,Delayed
1755,2,101,105,2025-04-04 19:00:00,ATR72,Delayd
1756,1,105,103,2025-03-17 14:00:00,B737,On Time
1757,2,106,103,2025-01-22 19:00:00,ATR72,Delayd
1758,5,105,104,2025-04-23 06:00:00,A320 ,Delayd
1759,3,105,101,2025-04-27 07:00:00,ATR72,Cancelled
1760,4,104,102,2025-10-19 15:00:00,A320 ,Delayed
1761,4,105,102,2025-03-29 07:00:00,A320 ,On Time
1762,1,106,105,2025-08-04 13:00:00,A320 ,Cancelled
1763,5,101,103,2025-05-07 01:00:00,ATR72,Cancelled
1764,4,103,105,2025-01-11 03:00:00,B737,Delayed
1765,5,105,103,2025-05-28 08:00:00,A320 ,On Time
1766,4,103,106,2025-03-22 03:00:00,A320 ,Delayed
1767,1,104,106,2025-02-03 03:00:00,A320 ,Delayed
1768,5,102,101,2025-04-09 19:00:00,B737,Delayed
1769,5,106,104,2025-05-20 11:00:00,ATR72,Delayed
1770,3,104,106,2025-04-20 01:00:00,ATR72,On Time
1771,5,106,103,2025-07-02 20:00:00,A320 ,Delayed
1772,4,104,105,2025-04-08 18:00:00,A320 ,Delayed
1773,3,102,105,2025-01-02 04:00:00,ATR72,Delayd
1774,1,106,102,2025-05-11 21:00:00,A320 ,Delayd
1775,1,104,102,2025-07-31 06:00:00,B737,Delayed
1776,5,105,106,2025-01-28 12:00:00,A320 ,On Time
1777,2,103,106,2025-02-26 20:00:00,A320 ,On Time
1778,5,103,101,2025-10-29 14:00:00,A320 ,Delayed
1779,3,102,105,2025-09-04 20:00:00,B737,Delayed
1780,3,104,102,2025-02-15 07:00:00,ATR72,On Time
1781,5,101,103,2025-06-07 10:00:00,A320 ,Delayed
1782,4,106,105,2025-03-24 14:00:00,B737,Delayd
1783,5,105,101,2025-10-14 00:00:00,ATR72,Delayed
1784,1,102,105,2025-01-03 09:00:00,A320,Delayd
1785,4,105,104,2025-01-25 01:00:00,A320 ,Cancelled
1786,1,106,105,2025-09-02 08:00:00,A320,Delayd
1787,3,104,101,2025-10-05 02:00:00,A320 ,On Time
1788,5,103,105,2025-08-03 19:00:00,A320 ,Delayd
1789,2,101,102,2025-10-17 04:00:00,ATR72,On Time
1790,3,106,102,2025-05-21 23:00:00,ATR72,Delayed
1791,2,102,105,2025-04-01 07:00:00,A320,Cancelled
1792,4,106,101,2025-11-03 23:00:00,A320 ,Delayed
1793,3,103,104,2025-08-24 06:00:00,A320 ,Cancelled
1794,5,104,103,2025-04-05 00:00:00,A320,Delayed
1795,3,102,106,2025-01-09 21:00:00,B737,Cancelled
1796,3,105,103,2025-04-15 17:00:00,B737,Cancelled
1797,3,104,105,2025-02-22 18:00:00,B737,Delayed
1798,4,105,103,2025-03-29 20:00:00,B737,On Time
1799,3,102,106,2025-02-20 16:00:00,A320,Cancelled
1800,5,103,106,2025-05-19 13:00:00,A320 ,Delayed
